{"textures":{"0":"item/mobs/kindletron2/kindletron2_damaged"},"elements":[{"from":[8.654717,-1.6749315,4.4454246],"to":[10.940432,2.8964972,9.016853],"rotation":{"angle":-45.0,"axis":"x","origin":[9.797575,1.1822114,7.3025675]},"faces":{"east":{"uv":[9.0625,11.0,9.5625,11.5],"rotation":0,"texture":"#0","tintindex":0},"south":{"uv":[3.6875,11.875,3.9375,12.375],"rotation":0,"texture":"#0","tintindex":0},"north":{"uv":[3.4375,11.875,3.6875,12.375],"rotation":0,"texture":"#0","tintindex":0},"west":{"uv":[10.8125,11.0625,11.3125,11.5625],"rotation":0,"texture":"#0","tintindex":0},"up":{"uv":[12.125,8.0625,11.875,7.5625],"rotation":0,"texture":"#0","tintindex":0},"down":{"uv":[12.1875,3.75,11.9375,4.25],"rotation":0,"texture":"#0","tintindex":0}}},{"from":[11.51186,5.1822114,4.4454246],"to":[12.654718,10.896498,10.731139],"rotation":{"angle":0.0,"axis":"y","origin":[-7.916712,-10.817789,-5.268862]},"faces":{"east":{"uv":[1.375,6.0625,2.0625,6.6875],"rotation":0,"texture":"#0","tintindex":0},"south":{"uv":[8.75,11.6875,8.875,12.3125],"rotation":0,"texture":"#0","tintindex":0},"north":{"uv":[6.125,4.0,6.25,4.625],"rotation":0,"texture":"#0","tintindex":0},"west":{"uv":[9.0,8.1875,9.6875,8.8125],"rotation":0,"texture":"#0","tintindex":0},"up":{"uv":[2.875,5.5625,2.75,4.875],"rotation":0,"texture":"#0","tintindex":0},"down":{"uv":[2.1875,6.0625,2.0625,6.75],"rotation":0,"texture":"#0","tintindex":0}}},{"from":[8.083289,1.1822114,4.4454246],"to":[11.51186,11.467926,10.731139],"rotation":{"angle":0.0,"axis":"y","origin":[-7.916712,-10.817789,-5.268862]},"faces":{"east":{"uv":[4.375,7.9375,5.0625,9.0625],"rotation":0,"texture":"#0","tintindex":0},"south":{"uv":[9.5625,2.625,9.9375,3.75],"rotation":0,"texture":"#0","tintindex":0},"north":{"uv":[5.375,9.0625,5.75,10.1875],"rotation":0,"texture":"#0","tintindex":0},"west":{"uv":[5.0625,7.9375,5.75,9.0625],"rotation":0,"texture":"#0","tintindex":0},"up":{"uv":[6.125,4.6875,5.75,4.0],"rotation":0,"texture":"#0","tintindex":0},"down":{"uv":[6.125,6.8125,5.75,7.5],"rotation":0,"texture":"#0","tintindex":0}}}],"display":{"head":{"translation":[0.0,-6.4,0.0],"scale":[4.0,4.0,4.0]}}}