{"textures":{"0":"item/mobs/kindletron2/kindletron2_damaged"},"elements":[{"from":[1.2550001,10.413193,1.9765239],"to":[14.397858,18.984623,13.976524],"rotation":{"angle":0.0,"axis":"y","origin":[9.255,3.5560493,-1.4520473]},"faces":{"east":{"uv":[5.75,1.1875,7.0625,2.125],"rotation":0,"texture":"#0","tintindex":0},"south":{"uv":[2.875,0.9375,4.3125,1.875],"rotation":0,"texture":"#0","tintindex":0},"north":{"uv":[2.875,0.0,4.3125,0.9375],"rotation":0,"texture":"#0","tintindex":0},"west":{"uv":[5.75,2.125,7.0625,3.0625],"rotation":0,"texture":"#0","tintindex":0},"up":{"uv":[1.4375,1.3125,0.0,0.0],"rotation":0,"texture":"#0","tintindex":0},"down":{"uv":[1.4375,1.3125,0.0,2.625],"rotation":0,"texture":"#0","tintindex":0}}},{"from":[10.397858,8.698907,13.976524],"to":[14.969286,16.698908,18.547955],"rotation":{"angle":-22.5,"axis":"x","origin":[12.1121435,12.698908,16.26224]},"faces":{"east":{"uv":[7.25,8.8125,7.75,9.6875],"rotation":0,"texture":"#0","tintindex":0},"south":{"uv":[7.75,8.8125,8.25,9.6875],"rotation":0,"texture":"#0","tintindex":0},"north":{"uv":[2.25,4.875,2.75,5.75],"rotation":0,"texture":"#0","tintindex":0},"west":{"uv":[8.25,8.8125,8.75,9.6875],"rotation":0,"texture":"#0","tintindex":0},"up":{"uv":[8.5625,3.3125,8.0625,2.8125],"rotation":0,"texture":"#0","tintindex":0},"down":{"uv":[8.375,10.0625,7.875,10.5625],"rotation":0,"texture":"#0","tintindex":0}}},{"from":[6.969286,12.127479,3.1193814],"to":[8.683572,20.12748,15.69081],"rotation":{"angle":0.0,"axis":"y","origin":[9.255,3.5560493,-1.4520473]},"faces":{"east":{"uv":[0.0,6.0625,1.375,6.9375],"rotation":0,"texture":"#0","tintindex":0},"south":{"uv":[2.0625,11.5625,2.25,12.4375],"rotation":0,"texture":"#0","tintindex":0},"north":{"uv":[4.3125,11.4375,4.5,12.3125],"rotation":0,"texture":"#0","tintindex":0},"west":{"uv":[6.1875,5.875,7.5625,6.75],"rotation":0,"texture":"#0","tintindex":0},"up":{"uv":[9.0625,12.125,8.875,10.75],"rotation":0,"texture":"#0","tintindex":0},"down":{"uv":[1.3125,10.8125,1.125,12.1875],"rotation":0,"texture":"#0","tintindex":0}}},{"from":[1.2550001,10.413193,13.976524],"to":[14.397858,12.127479,15.69081],"rotation":{"angle":0.0,"axis":"y","origin":[9.255,3.5560493,-1.4520473]},"faces":{"east":{"uv":[1.0,7.5,1.1875,7.6875],"rotation":0,"texture":"#0","tintindex":0},"south":{"uv":[10.75,8.625,12.1875,8.8125],"rotation":0,"texture":"#0","tintindex":0},"north":{"uv":[10.6875,6.75,12.125,6.9375],"rotation":0,"texture":"#0","tintindex":0},"west":{"uv":[1.1875,7.5,1.375,7.6875],"rotation":0,"texture":"#0","tintindex":0},"up":{"uv":[12.25,11.0625,10.8125,10.875],"rotation":0,"texture":"#0","tintindex":0},"down":{"uv":[12.4375,2.625,11.0,2.8125],"rotation":0,"texture":"#0","tintindex":0}}},{"from":[3.5407147,8.698907,-1.4520473],"to":[12.683573,18.413193,1.9765239],"rotation":{"angle":0.0,"axis":"y","origin":[9.255,3.5560493,-1.4520473]},"faces":{"east":{"uv":[8.375,9.6875,8.75,10.75],"rotation":0,"texture":"#0","tintindex":0},"south":{"uv":[7.5625,5.75,8.5625,6.8125],"rotation":0,"texture":"#0","tintindex":0},"north":{"uv":[7.0625,2.25,8.0625,3.3125],"rotation":0,"texture":"#0","tintindex":0},"west":{"uv":[8.75,9.6875,9.125,10.75],"rotation":0,"texture":"#0","tintindex":0},"up":{"uv":[11.0,7.3125,10.0,6.9375],"rotation":0,"texture":"#0","tintindex":0},"down":{"uv":[7.125,10.375,6.125,10.75],"rotation":0,"texture":"#0","tintindex":0}}},{"from":[3.5407147,6.984621,1.9765239],"to":[12.683573,10.413193,12.2622385],"rotation":{"angle":0.0,"axis":"y","origin":[9.255,3.5560493,-1.4520473]},"faces":{"east":{"uv":[9.25,8.8125,10.375,9.1875],"rotation":0,"texture":"#0","tintindex":0},"south":{"uv":[10.375,9.1875,11.375,9.5625],"rotation":0,"texture":"#0","tintindex":0},"north":{"uv":[10.375,8.8125,11.375,9.1875],"rotation":0,"texture":"#0","tintindex":0},"west":{"uv":[9.25,9.1875,10.375,9.5625],"rotation":0,"texture":"#0","tintindex":0},"up":{"uv":[3.75,7.9375,2.75,6.8125],"rotation":0,"texture":"#0","tintindex":0},"down":{"uv":[4.75,6.8125,3.75,7.9375],"rotation":0,"texture":"#0","tintindex":0}}},{"from":[11.6795635,8.6035385,8.833667],"to":[20.822422,12.03211,11.119381],"rotation":{"angle":22.5,"axis":"z","origin":[16.250992,10.317824,7.1193814]},"faces":{"east":{"uv":[11.9375,4.25,12.1875,4.625],"rotation":0,"texture":"#0","tintindex":0},"south":{"uv":[9.6875,10.5,10.6875,10.875],"rotation":0,"texture":"#0","tintindex":0},"north":{"uv":[10.375,9.5625,11.375,9.9375],"rotation":0,"texture":"#0","tintindex":0},"west":{"uv":[4.5,11.9375,4.75,12.3125],"rotation":0,"texture":"#0","tintindex":0},"up":{"uv":[8.125,11.25,7.125,11.0],"rotation":0,"texture":"#0","tintindex":0},"down":{"uv":[2.3125,11.0625,1.3125,11.3125],"rotation":0,"texture":"#0","tintindex":0}}},{"from":[11.6795635,8.6035385,5.405095],"to":[20.822422,12.03211,7.6908097],"rotation":{"angle":22.5,"axis":"z","origin":[16.250992,10.317824,7.1193814]},"faces":{"east":{"uv":[4.75,11.9375,5.0,12.3125],"rotation":0,"texture":"#0","tintindex":0},"south":{"uv":[10.625,0.375,11.625,0.75],"rotation":0,"texture":"#0","tintindex":0},"north":{"uv":[10.625,0.0,11.625,0.375],"rotation":0,"texture":"#0","tintindex":0},"west":{"uv":[2.625,12.0,2.875,12.375],"rotation":0,"texture":"#0","tintindex":0},"up":{"uv":[12.0625,5.5,11.0625,5.25],"rotation":0,"texture":"#0","tintindex":0},"down":{"uv":[12.0625,5.5,11.0625,5.75],"rotation":0,"texture":"#0","tintindex":0}}},{"from":[20.822422,6.889253,4.833667],"to":[25.965279,12.03211,11.119381],"rotation":{"angle":22.5,"axis":"z","origin":[16.250992,10.317824,7.1193814]},"faces":{"east":{"uv":[10.0,6.375,10.6875,6.9375],"rotation":0,"texture":"#0","tintindex":0},"south":{"uv":[10.8125,8.0625,11.375,8.625],"rotation":0,"texture":"#0","tintindex":0},"north":{"uv":[3.4375,10.8125,4.0,11.375],"rotation":0,"texture":"#0","tintindex":0},"west":{"uv":[7.1875,10.0625,7.875,10.625],"rotation":0,"texture":"#0","tintindex":0},"up":{"uv":[7.625,4.0,7.0625,3.3125],"rotation":0,"texture":"#0","tintindex":0},"down":{"uv":[1.3125,10.125,0.75,10.8125],"rotation":0,"texture":"#0","tintindex":0}}},{"from":[14.397858,10.413193,12.2622385],"to":[24.683573,18.984623,15.69081],"rotation":{"angle":0.0,"axis":"y","origin":[9.255,3.5560493,-1.4520473]},"faces":{"east":{"uv":[2.3125,10.6875,2.6875,11.625],"rotation":0,"texture":"#0","tintindex":0},"south":{"uv":[7.875,0.0,9.0,0.9375],"rotation":0,"texture":"#0","tintindex":0},"north":{"uv":[1.0,7.6875,2.125,8.625],"rotation":0,"texture":"#0","tintindex":0},"west":{"uv":[8.125,10.75,8.5,11.6875],"rotation":0,"texture":"#0","tintindex":0},"up":{"uv":[10.625,0.375,9.5,0.0],"rotation":0,"texture":"#0","tintindex":0},"down":{"uv":[10.625,0.375,9.5,0.75],"rotation":0,"texture":"#0","tintindex":0}}},{"from":[14.397858,10.413193,0.2622385],"to":[24.683573,21.270336,3.6908097],"rotation":{"angle":0.0,"axis":"y","origin":[9.255,3.5560493,-1.4520473]},"faces":{"east":{"uv":[0.0,8.6875,0.375,9.875],"rotation":0,"texture":"#0","tintindex":0},"south":{"uv":[4.0,4.6875,5.125,5.875],"rotation":0,"texture":"#0","tintindex":0},"north":{"uv":[2.875,4.6875,4.0,5.875],"rotation":0,"texture":"#0","tintindex":0},"west":{"uv":[0.375,8.6875,0.75,9.875],"rotation":0,"texture":"#0","tintindex":0},"up":{"uv":[10.625,1.125,9.5,0.75],"rotation":0,"texture":"#0","tintindex":0},"down":{"uv":[10.625,1.125,9.5,1.5],"rotation":0,"texture":"#0","tintindex":0}}},{"from":[24.705229,13.011089,7.2169437],"to":[29.848085,15.868233,9.502658],"rotation":{"angle":22.5,"axis":"z","origin":[27.276655,14.439661,8.359801]},"faces":{"east":{"uv":[12.0625,11.5625,12.3125,11.875],"rotation":0,"texture":"#0","tintindex":0},"south":{"uv":[11.625,0.0,12.1875,0.3125],"rotation":0,"texture":"#0","tintindex":0},"north":{"uv":[7.625,5.4375,8.1875,5.75],"rotation":0,"texture":"#0","tintindex":0},"west":{"uv":[12.0625,11.875,12.3125,12.1875],"rotation":0,"texture":"#0","tintindex":0},"up":{"uv":[7.3125,7.875,6.75,7.625],"rotation":0,"texture":"#0","tintindex":0},"down":{"uv":[2.6875,7.6875,2.125,7.9375],"rotation":0,