{"textures":{"0":"item/mobs/kindletron2/kindletron2_damaged"},"elements":[{"from":[1.2550001,10.413193,1.9765239],"to":[14.397858,18.984623,13.976524],"rotation":{"angle":0.0,"axis":"y","origin":[9.255,3.5560493,-1.4520473]},"faces":{"east":{"uv":[5.75,3.0625,7.0625,4.0],"rotation":0,"texture":"#0","tintindex":0},"south":{"uv":[0.0,3.9375,1.4375,4.875],"rotation":0,"texture":"#0","tintindex":0},"north":{"uv":[2.875,3.75,4.3125,4.6875],"rotation":0,"texture":"#0","tintindex":0},"west":{"uv":[2.25,5.875,3.5625,6.8125],"rotation":0,"texture":"#0","tintindex":0},"up":{"uv":[2.875,1.3125,1.4375,0.0],"rotation":0,"texture":"#0","tintindex":0},"down":{"uv":[2.875,1.3125,1.4375,2.625],"rotation":0,"texture":"#0","tintindex":0}}},{"from":[10.397858,8.698907,13.976524],"to":[14.969286,16.698908,18.547955],"rotation":{"angle":-22.5,"axis":"x","origin":[12.1121435,12.698908,16.26224]},"faces":{"east":{"uv":[1.875,8.875,2.375,9.75],"rotation":0,"texture":"#0","tintindex":0},"south":{"uv":[2.375,8.875,2.875,9.75],"rotation":0,"texture":"#0","tintindex":0},"north":{"uv":[8.75,8.8125,9.25,9.6875],"rotation":0,"texture":"#0","tintindex":0},"west":{"uv":[2.875,8.875,3.375,9.75],"rotation":0,"texture":"#0","tintindex":0},"up":{"uv":[6.5,11.625,6.0,11.125],"rotation":0,"texture":"#0","tintindex":0},"down":{"uv":[7.0,11.125,6.5,11.625],"rotation":0,"texture":"#0","tintindex":0}}},{"from":[0.6835718,8.698907,13.976524],"to":[5.255,16.698908,18.547955],"rotation":{"angle":-22.5,"axis":"x","origin":[3.5407147,12.698908,16.26224]},"faces":{"east":{"uv":[3.875,8.875,4.375,9.75],"rotation":0,"texture":"#0","tintindex":0},"south":{"uv":[9.0,0.0,9.5,0.875],"rotation":0,"texture":"#0","tintindex":0},"north":{"uv":[3.375,8.875,3.875,9.75],"rotation":0,"texture":"#0","tintindex":0},"west":{"uv":[9.0,7.3125,9.5,8.1875],"rotation":0,"texture":"#0","tintindex":0},"up":{"uv":[5.0625,11.6875,4.5625,11.1875],"rotation":0,"texture":"#0","tintindex":0},"down":{"uv":[5.5625,11.1875,5.0625,11.6875],"rotation":0,"texture":"#0","tintindex":0}}},{"from":[6.969286,12.127479,3.1193814],"to":[8.683572,20.12748,15.69081],"rotation":{"angle":0.0,"axis":"y","origin":[9.255,3.5560493,-1.4520473]},"faces":{"east":{"uv":[6.25,4.0,7.625,4.875],"rotation":0,"texture":"#0","tintindex":0},"south":{"uv":[2.25,11.625,2.4375,12.5],"rotation":0,"texture":"#0","tintindex":0},"north":{"uv":[11.625,1.5625,11.8125,2.4375],"rotation":0,"texture":"#0","tintindex":0},"west":{"uv":[6.25,4.875,7.625,5.75],"rotation":0,"texture":"#0","tintindex":0},"up":{"uv":[0.1875,12.3125,0.0,10.9375],"rotation":0,"texture":"#0","tintindex":0},"down":{"uv":[0.375,10.9375,0.1875,12.3125],"rotation":0,"texture":"#0","tintindex":0}}},{"from":[1.2550001,10.413193,13.976524],"to":[14.397858,12.127479,15.69081],"rotation":{"angle":0.0,"axis":"y","origin":[9.255,3.5560493,-1.4520473]},"faces":{"east":{"uv":[7.3125,7.625,7.5,7.8125],"rotation":0,"texture":"#0","tintindex":0},"south":{"uv":[11.0,3.0,12.4375,3.1875],"rotation":0,"texture":"#0","tintindex":0},"north":{"uv":[11.0,2.8125,12.4375,3.0],"rotation":0,"texture":"#0","tintindex":0},"west":{"uv":[7.875,0.9375,8.0625,1.125],"rotation":0,"texture":"#0","tintindex":0},"up":{"uv":[12.4375,3.375,11.0,3.1875],"rotation":0,"texture":"#0","tintindex":0},"down":{"uv":[12.4375,3.375,11.0,3.5625],"rotation":0,"texture":"#0","tintindex":0}}},{"from":[3.5407147,8.698907,-1.4520473],"to":[12.683573,18.413193,1.9765239],"rotation":{"angle":0.0,"axis":"y","origin":[9.255,3.5560493,-1.4520473]},"faces":{"east":{"uv":[3.875,9.75,4.25,10.8125],"rotation":0,"texture":"#0","tintindex":0},"south":{"uv":[7.625,3.3125,8.625,4.375],"rotation":0,"texture":"#0","tintindex":0},"north":{"uv":[7.5625,6.8125,8.5625,7.875],"rotation":0,"texture":"#0","tintindex":0},"west":{"uv":[0.0,9.875,0.375,10.9375],"rotation":0,"texture":"#0","tintindex":0},"up":{"uv":[11.625,1.125,10.625,0.75],"rotation":0,"texture":"#0","tintindex":0},"down":{"uv":[11.625,1.125,10.625,1.5],"rotation":0,"texture":"#0","tintindex":0}}},{"from":[3.5407147,6.984621,1.9765239],"to":[12.683573,10.413193,12.2622385],"rotation":{"angle":0.0,"axis":"y","origin":[9.255,3.5560493,-1.4520473]},"faces":{"east":{"uv":[9.5,2.25,10.625,2.625],"rotation":0,"texture":"#0","tintindex":0},"south":{"uv":[10.625,1.875,11.625,2.25],"rotation":0,"texture":"#0","tintindex":0},"north":{"uv":[10.625,1.5,11.625,1.875],"rotation":0,"texture":"#0","tintindex":0},"west":{"uv":[9.5,7.3125,10.625,7.6875],"rotation":0,"texture":"#0","tintindex":0},"up":{"uv":[5.75,7.9375,4.75,6.8125],"rotation":0,"texture":"#0","tintindex":0},"down":{"uv":[7.875,0.0,6.875,1.125],"rotation":0,"texture":"#0","tintindex":0}}},{"from":[11.6795635,8.6035385,8.833667],"to":[20.822422,12.03211,11.119381],"rotation":{"angle":22.5,"axis":"z","origin":[16.250992,10.317824,7.1193814]},"faces":{"east":{"uv":[2.875,12.0,3.125,12.375],"rotation":0,"texture":"#0","tintindex":0},"south":{"uv":[7.125,10.625,8.125,11.0],"rotation":0,"texture":"#0","tintindex":0},"north":{"uv":[10.625,2.25,11.625,2.625],"rotation":0,"texture":"#0","tintindex":0},"west":{"uv":[9.8125,12.0,10.0625,12.375],"rotation":0,"texture":"#0","tintindex":0},"up":{"uv":[12.0625,6.0,11.0625,5.75],"rotation":0,"texture":"#0","tintindex":0},"down":{"uv":[12.0625,6.0,11.0625,6.25],"rotation":0,"texture":"#0","tintindex":0}}},{"from":[11.6795635,8.6035385,5.405095],"to":[20.822422,12.03211,7.6908097],"rotation":{"angle":22.5,"axis":"z","origin":[16.250992,10.317824,7.1193814]},"faces":{"east":{"uv":[10.4375,12.0,10.6875,12.375],"rotation":0,"texture":"#0","tintindex":0},"south":{"uv":[10.625,7.6875,11.625,8.0625],"rotation":0,"texture":"#0","tintindex":0},"north":{"uv":[10.625,7.3125,11.625,7.6875],"rotation":0,"texture":"#0","tintindex":0},"west":{"uv":[6.875,12.0625,7.125,12.4375],"rotation":0,"texture":"#0","tintindex":0},"up":{"uv":[8.0,11.5,7.0,11.25],"rotation":0,"texture":"#0","tintindex":0},"down":{"uv":[2.3125,11.3125,1.3125,11.5625],"rotation":0,"texture":"#0","tintindex":0}}},{"from":[20.822422,6.889253,4.833667],"to":[25.965279,12.03211,11.119381],"rotation":{"angle":22.5,"axis":"z","origin":[16.250992,10.317824,7.1193814]},"faces":{"east":{"uv":[1.3125,10.125,2.0,10.6875],"rotation":0,"texture":"#0","tintindex":0},"south":{"uv":[9.6875,10.875,10.25,11.4375],"rotation":0,"texture":"#0","tintindex":0},"north":{"uv":[4.0,10.875,4.5625,11.4375],"rotation":0,"texture":"#0","tintindex":0},"west":{"uv":[2.0,10.125,2.6875,10.6875],"rotation":0,"texture":"#0","tintindex":0},"up":{"uv":[3.25,10.8125,2.6875,10.125],"rotation":0,"texture":"#0","tintindex":0},"down":{"uv":[3.8125,10.125,3.25,10.8125],"rotation":0,"texture":"#0","tintindex":0}}},{"from":[14.397858,10.413193,12.2622385],"to":[24.683573,18.984623,15.69081],"rotation":{"angle":0.0,"axis":"y","origin":[9.255,3.5560493,-1.4520473]},"faces":{"east":{"uv":[8.5,10.75,8.875,11.6875],"rotation":0,"texture":"#0","tintindex":0},"south":{"uv":[7.875,7.875,9.0,8.8125],"rotation":0,"texture":"#0","tintindex":0},"north":{"uv":[6.75,7.875,7.875,8.8125],"rotation":0,"texture":"#0","tintindex":0},"west":{"uv":[0.75,10.8125,1.125,11.75],"rotation":0,"texture":"#0","tintindex":0},"up":{"uv":[10.625,1.875,9.5,1.5],"rotation":0,"texture":"#0","tintindex":0},"down":{"uv":[10.625,1.875,9.5,2.25],"rotation":0,"texture":"#0","tintindex":0}}},{"from":[14.397858,10.413193,0.2622385],"to":[24.683573,21.270336,3.6908097],"rotation":{"angle":0.0,"axis":"y","origin":[9.255,3.5560493,-1.4520473]},"faces":{"east":{"uv":[5.75,8.6875,6.125,9.875],"rotation":0,"texture":"#0","tintindex":0},"south":{"uv":[1.125,4.875,2.25,6.0625],"rotation":0,"texture":"#0","tintindex":0},"north":{"uv":[0.0,4.875,1.125,6.0625],"rotation":0,"texture":"#0","tintindex":0},"west":{"uv":[6.125,8.6875,6.5,9.875],"rotation":0,"texture":"#0","tintindex":0},"up":{"uv":[10.625,8.0625,9.5,7.6875],"rotation":0,"texture":"#0","tintindex":0},"down":{"uv":[10.6875,3.75,9.5625,4.125],"rotation":0,"texture":"#0",