{"textures":{"0":"item/mobs/kindletron2/kindletron2_damaged"},"elements":[{"from":[1.2550001,10.413193,1.9765239],"to":[14.397858,18.984623,13.976524],"rotation":{"angle":0.0,"axis":"y","origin":[9.255,3.5560493,-1.4520473]},"faces":{"east":{"uv":[3.5625,5.875,4.875,6.8125],"rotation":0,"texture":"#0","tintindex":0},"south":{"uv":[4.3125,1.875,5.75,2.8125],"rotation":0,"texture":"#0","tintindex":0},"north":{"uv":[4.3125,0.9375,5.75,1.875],"rotation":0,"texture":"#0","tintindex":0},"west":{"uv":[4.875,5.875,6.1875,6.8125],"rotation":0,"texture":"#0","tintindex":0},"up":{"uv":[1.4375,3.9375,0.0,2.625],"rotation":0,"texture":"#0","tintindex":0},"down":{"uv":[2.875,2.625,1.4375,3.9375],"rotation":0,"texture":"#0","tintindex":0}}},{"from":[10.397858,8.698907,13.976524],"to":[14.969286,16.698908,18.547955],"rotation":{"angle":-22.5,"axis":"x","origin":[12.1121435,12.698908,16.26224]},"faces":{"east":{"uv":[4.875,9.0625,5.375,9.9375],"rotation":0,"texture":"#0","tintindex":0},"south":{"uv":[0.75,9.25,1.25,10.125],"rotation":0,"texture":"#0","tintindex":0},"north":{"uv":[4.375,9.0625,4.875,9.9375],"rotation":0,"texture":"#0","tintindex":0},"west":{"uv":[1.25,9.25,1.75,10.125],"rotation":0,"texture":"#0","tintindex":0},"up":{"uv":[11.8125,11.5625,11.3125,11.0625],"rotation":0,"texture":"#0","tintindex":0},"down":{"uv":[3.9375,11.375,3.4375,11.875],"rotation":0,"texture":"#0","tintindex":0}}},{"from":[6.969286,12.127479,3.1193814],"to":[8.683572,20.12748,15.69081],"rotation":{"angle":0.0,"axis":"y","origin":[9.255,3.5560493,-1.4520473]},"faces":{"east":{"uv":[6.1875,6.75,7.5625,7.625],"rotation":0,"texture":"#0","tintindex":0},"south":{"uv":[5.9375,11.625,6.125,12.5],"rotation":0,"texture":"#0","tintindex":0},"north":{"uv":[2.4375,11.625,2.625,12.5],"rotation":0,"texture":"#0","tintindex":0},"west":{"uv":[1.375,6.8125,2.75,7.6875],"rotation":0,"texture":"#0","tintindex":0},"up":{"uv":[0.5625,12.3125,0.375,10.9375],"rotation":0,"texture":"#0","tintindex":0},"down":{"uv":[0.75,10.9375,0.5625,12.3125],"rotation":0,"texture":"#0","tintindex":0}}},{"from":[1.2550001,10.413193,13.976524],"to":[14.397858,12.127479,15.69081],"rotation":{"angle":0.0,"axis":"y","origin":[9.255,3.5560493,-1.4520473]},"faces":{"east":{"uv":[1.875,8.625,2.0625,8.8125],"rotation":0,"texture":"#0","tintindex":0},"south":{"uv":[4.5625,11.0,6.0,11.1875],"rotation":0,"texture":"#0","tintindex":0},"north":{"uv":[11.0,3.5625,12.4375,3.75],"rotation":0,"texture":"#0","tintindex":0},"west":{"uv":[0.75,8.6875,0.9375,8.875],"rotation":0,"texture":"#0","tintindex":0},"up":{"uv":[12.4375,7.125,11.0,6.9375],"rotation":0,"texture":"#0","tintindex":0},"down":{"uv":[12.4375,7.125,11.0,7.3125],"rotation":0,"texture":"#0","tintindex":0}}},{"from":[3.5407147,8.698907,-1.4520473],"to":[12.683573,18.413193,1.9765239],"rotation":{"angle":0.0,"axis":"y","origin":[9.255,3.5560493,-1.4520473]},"faces":{"east":{"uv":[0.375,9.875,0.75,10.9375],"rotation":0,"texture":"#0","tintindex":0},"south":{"uv":[5.75,7.625,6.75,8.6875],"rotation":0,"texture":"#0","tintindex":0},"north":{"uv":[7.625,4.375,8.625,5.4375],"rotation":0,"texture":"#0","tintindex":0},"west":{"uv":[5.75,9.875,6.125,10.9375],"rotation":0,"texture":"#0","tintindex":0},"up":{"uv":[2.3125,11.0625,1.3125,10.6875],"rotation":0,"texture":"#0","tintindex":0},"down":{"uv":[11.6875,3.75,10.6875,4.125],"rotation":0,"texture":"#0","tintindex":0}}},{"from":[3.5407147,6.984621,1.9765239],"to":[12.683573,10.413193,12.2622385],"rotation":{"angle":0.0,"axis":"y","origin":[9.255,3.5560493,-1.4520473]},"faces":{"east":{"uv":[9.5625,4.125,10.6875,4.5],"rotation":0,"texture":"#0","tintindex":0},"south":{"uv":[10.6875,4.5,11.6875,4.875],"rotation":0,"texture":"#0","tintindex":0},"north":{"uv":[10.6875,4.125,11.6875,4.5],"rotation":0,"texture":"#0","tintindex":0},"west":{"uv":[9.5625,4.5,10.6875,4.875],"rotation":0,"texture":"#0","tintindex":0},"up":{"uv":[1.0,8.0625,0.0,6.9375],"rotation":0,"texture":"#0","tintindex":0},"down":{"uv":[8.0625,1.125,7.0625,2.25],"rotation":0,"texture":"#0","tintindex":0}}},{"from":[11.6795635,8.6035385,8.833667],"to":[20.822422,12.03211,11.119381],"rotation":{"angle":22.5,"axis":"z","origin":[16.250992,10.317824,7.1193814]},"faces":{"east":{"uv":[7.125,12.0625,7.375,12.4375],"rotation":0,"texture":"#0","tintindex":0},"south":{"uv":[10.6875,6.375,11.6875,6.75],"rotation":0,"texture":"#0","tintindex":0},"north":{"uv":[10.6875,4.875,11.6875,5.25],"rotation":0,"texture":"#0","tintindex":0},"west":{"uv":[7.375,12.0625,7.625,12.4375],"rotation":0,"texture":"#0","tintindex":0},"up":{"uv":[12.375,8.3125,11.375,8.0625],"rotation":0,"texture":"#0","tintindex":0},"down":{"uv":[12.375,8.3125,11.375,8.5625],"rotation":0,"texture":"#0","tintindex":0}}},{"from":[11.6795635,8.6035385,5.405095],"to":[20.822422,12.03211,7.6908097],"rotation":{"angle":22.5,"axis":"z","origin":[16.250992,10.317824,7.1193814]},"faces":{"east":{"uv":[7.625,12.0625,7.875,12.4375],"rotation":0,"texture":"#0","tintindex":0},"south":{"uv":[6.125,10.75,7.125,11.125],"rotation":0,"texture":"#0","tintindex":0},"north":{"uv":[10.6875,10.5,11.6875,10.875],"rotation":0,"texture":"#0","tintindex":0},"west":{"uv":[7.875,12.0625,8.125,12.4375],"rotation":0,"texture":"#0","tintindex":0},"up":{"uv":[12.375,9.0625,11.375,8.8125],"rotation":0,"texture":"#0","tintindex":0},"down":{"uv":[12.375,9.0625,11.375,9.3125],"rotation":0,"texture":"#0","tintindex":0}}},{"from":[20.822422,6.889253,4.833667],"to":[25.965279,12.03211,11.119381],"rotation":{"angle":22.5,"axis":"z","origin":[16.250992,10.317824,7.1193814]},"faces":{"east":{"uv":[10.1875,9.9375,10.875,10.5],"rotation":0,"texture":"#0","tintindex":0},"south":{"uv":[10.25,10.875,10.8125,11.4375],"rotation":0,"texture":"#0","tintindex":0},"north":{"uv":[10.875,9.9375,11.4375,10.5],"rotation":0,"texture":"#0","tintindex":0},"west":{"uv":[4.25,10.3125,4.9375,10.875],"rotation":0,"texture":"#0","tintindex":0},"up":{"uv":[5.5,11.0,4.9375,10.3125],"rotation":0,"texture":"#0","tintindex":0},"down":{"uv":[9.6875,10.3125,9.125,11.0],"rotation":0,"texture":"#0","tintindex":0}}},{"from":[14.397858,10.413193,12.2622385],"to":[24.683573,18.984623,15.69081],"rotation":{"angle":0.0,"axis":"y","origin":[9.255,3.5560493,-1.4520473]},"faces":{"east":{"uv":[2.6875,10.8125,3.0625,11.75],"rotation":0,"texture":"#0","tintindex":0},"south":{"uv":[3.25,7.9375,4.375,8.875],"rotation":0,"texture":"#0","tintindex":0},"north":{"uv":[2.125,7.9375,3.25,8.875],"rotation":0,"texture":"#0","tintindex":0},"west":{"uv":[3.0625,10.8125,3.4375,11.75],"rotation":0,"texture":"#0","tintindex":0},"up":{"uv":[10.6875,5.25,9.5625,4.875],"rotation":0,"texture":"#0","tintindex":0},"down":{"uv":[10.375,9.5625,9.25,9.9375],"rotation":0,"texture":"#0","tintindex":0}}},{"from":[14.397858,10.413193,0.2622385],"to":[24.683573,21.270336,3.6908097],"rotation":{"angle":0.0,"axis":"y","origin":[9.255,3.5560493,-1.4520473]},"faces":{"east":{"uv":[6.5,8.8125,6.875,10.0],"rotation":0,"texture":"#0","tintindex":0},"south":{"uv":[5.75,0.0,6.875,1.1875],"rotation":0,"texture":"#0","tintindex":0},"north":{"uv":[5.125,4.6875,6.25,5.875],"rotation":0,"texture":"#0","tintindex":0},"west":{"uv":[6.875,8.8125,7.25,10.0],"rotation":0,"texture":"#0","tintindex":0},"up":{"uv":[8.375,10.0625,7.25,9.6875],"rotation":0,"texture":"#0","tintindex":0},"down":{"uv":[10.8125,8.0625,9.6875,8.4375],"rotation":0,"texture":"#0","tintindex":0}}},{"from":[24.705229,13.011089,7.2169437],"to":[29.848085,15.868233,9.502658],"rotation":{"angle":22.5,"axis":"z","origin":[27.276655,14.439661,8.359801]},"faces":{"east":{"uv":[1.8125,12.125,2.0625,12.4375],"rotation":0,"texture":"#0","tintindex":0},"south":{"uv":[11.625,1.25,12.1875,1.5625],"rotation":0,"texture":"#0","tintindex":0},"north":{"uv":[11.625,0.9375,12.1875,1.25],"rotation":0,"texture":"#0","tintindex":0},"west":{"uv":[12.125,7.5625,12.375,7.875],"rotation":0,"texture":"#0","tintindex":0},"up":{"uv":[12.3125,9.5625,11.75,9.3125],"rotation":0,"texture":"#0","tintindex":0},