{"textures":{"0":"item/mobs/zaku/zaku"},"elements":[{"from":[7.142857,6.0,6.0],"to":[8.857143,10.0,10.0],"rotation":{"angle":-45.0,"axis":"x","origin":[8.0,8.0,8.0]},"faces":{"east":{"uv":[5.4375,12.0,5.0,12.4375],"rotation":0,"texture":"#0","tintindex":0},"south":{"uv":[5.5625,14.375,5.75,14.8125],"rotation":0,"texture":"#0","tintindex":0},"north":{"uv":[4.4375,14.375,4.625,14.8125],"rotation":0,"texture":"#0","tintindex":0},"west":{"uv":[5.0,12.0,5.4375,12.4375],"rotation":0,"texture":"#0","tintindex":0},"up":{"uv":[6.4375,14.8125,6.25,14.375],"rotation":0,"texture":"#0","tintindex":0},"down":{"uv":[0.1875,14.4375,0.0,14.875],"rotation":0,"texture":"#0","tintindex":0}}},{"from":[7.428571,10.0,7.142857],"to":[8.571428,11.142858,12.285715],"rotation":{"angle":-45.0,"axis":"x","origin":[8.0,8.0,8.0]},"faces":{"east":{"uv":[2.875,9.0,3.4375,9.125],"rotation":0,"texture":"#0","tintindex":0},"south":{"uv":[7.1875,12.875,7.3125,13.0],"rotation":0,"texture":"#0","tintindex":0},"north":{"uv":[7.1875,12.75,7.3125,12.875],"rotation":0,"texture":"#0","tintindex":0},"west":{"uv":[5.875,11.5,6.4375,11.375],"rotation":0,"texture":"#0","tintindex":0},"up":{"uv":[5.875,11.375,6.4375,11.5],"rotation":90,"texture":"#0","tintindex":0},"down":{"uv":[2.875,9.125,3.4375,9.0],"rotation":90,"texture":"#0","tintindex":0}}},{"from":[7.428571,5.206234,5.6999254],"to":[8.571428,6.3490915,10.842783],"rotation":{"angle":-45.0,"axis":"x","origin":[7.714286,5.7776628,9.414211]},"faces":{"east":{"uv":[2.875,9.0,3.4375,9.125],"rotation":180,"texture":"#0","tintindex":0},"south":{"uv":[7.1875,12.75,7.3125,12.875],"rotation":180,"texture":"#0","tintindex":0},"north":{"uv":[7.1875,12.875,7.3125,13.0],"rotation":180,"texture":"#0","tintindex":0},"west":{"uv":[5.875,11.5,6.4375,11.375],"rotation":180,"texture":"#0","tintindex":0},"up":{"uv":[2.875,9.125,3.4375,9.0],"rotation":90,"texture":"#0","tintindex":0},"down":{"uv":[5.875,11.375,6.4375,11.5],"rotation":90,"texture":"#0","tintindex":0}}},{"from":[8.0,-0.56301785,2.8081198],"to":[8.0,5.1512685,12.522406],"rotation":{"angle":-45.0,"axis":"x","origin":[7.714286,3.1512685,8.80812]},"faces":{"east":{"uv":[1.0625,8.625,0.0,9.25],"rotation":0,"texture":"#0","tintindex":0},"south":{"uv":[0.0,8.0,0.0,8.625],"rotation":0,"texture":"#0","tintindex":0},"north":{"uv":[0.0,8.0,0.0,8.625],"rotation":0,"texture":"#0","tintindex":0},"west":{"uv":[0.0,8.625,1.0625,9.25],"rotation":0,"texture":"#0","tintindex":0},"up":{"uv":[0.0,9.0625,0.0,8.0],"rotation":0,"texture":"#0","tintindex":0},"down":{"uv":[0.0,8.0,0.0,9.0625],"rotation":0,"texture":"#0","tintindex":0}}},{"from":[7.428571,-0.56301785,2.8081198],"to":[8.571428,0.5798397,7.9509773],"rotation":{"angle":-45.0,"axis":"x","origin":[7.714286,3.1512685,8.80812]},"faces":{"east":{"uv":[2.875,9.0,3.4375,9.125],"rotation":180,"texture":"#0","tintindex":0},"south":{"uv":[7.1875,12.75,7.3125,12.875],"rotation":180,"texture":"#0","tintindex":0},"north":{"uv":[7.1875,12.875,7.3125,13.0],"rotation":180,"texture":"#0","tintindex":0},"west":{"uv":[5.875,11.5,6.4375,11.375],"rotation":180,"texture":"#0","tintindex":0},"up":{"uv":[2.875,9.125,3.4375,9.0],"rotation":90,"texture":"#0","tintindex":0},"down":{"uv":[5.875,11.375,6.4375,11.5],"rotation":90,"texture":"#0","tintindex":0}}},{"from":[6.5714283,7.142857,7.142857],"to":[9.428572,8.857143,8.857143],"rotation":{"angle":-45.0,"axis":"x","origin":[8.0,8.0,8.0]},"faces":{"east":{"uv":[1.8125,14.875,2.0,15.0625],"rotation":0,"texture":"#0","tintindex":0},"south":{"uv":[6.625,10.3125,6.9375,10.5],"rotation":0,"texture":"#0","tintindex":0},"north":{"uv":[6.625,9.25,6.9375,9.4375],"rotation":0,"texture":"#0","tintindex":0},"west":{"uv":[2.0,14.875,2.1875,15.0625],"rotation":0,"texture":"#0","tintindex":0},"up":{"uv":[6.9375,12.0,6.625,11.8125],"rotation":0,"texture":"#0","tintindex":0},"down":{"uv":[6.9375,12.5,6.625,12.6875],"rotation":0,"texture":"#0","tintindex":0}}}],"display":{"head":{"translation":[0.0,-6.4,0.0],"scale":[4.0,4.0,4.0]}}}