{"textures":{"0":"item/mobs/zaku/zaku"},"elements":[{"from":[6.256851,6.127817,7.157017],"to":[10.256851,10.127817,8.871303],"rotation":{"angle":-45.0,"axis":"z","origin":[7.971137,8.413531,6.8713026]},"faces":{"east":{"uv":[1.8125,14.4375,2.0,14.875],"rotation":0,"texture":"#0","tintindex":0},"south":{"uv":[4.75,13.0625,4.3125,13.5],"rotation":0,"texture":"#0","tintindex":0},"north":{"uv":[4.3125,13.0625,4.75,13.5],"rotation":0,"texture":"#0","tintindex":0},"west":{"uv":[2.0,14.4375,2.1875,14.875],"rotation":0,"texture":"#0","tintindex":0},"up":{"uv":[6.875,9.6875,6.4375,9.5],"rotation":0,"texture":"#0","tintindex":0},"down":{"uv":[2.625,14.4375,2.1875,14.625],"rotation":0,"texture":"#0","tintindex":0}}},{"from":[6.542566,6.5808973,6.5855885],"to":[9.399709,9.43804,9.442732],"rotation":{"angle":-45.0,"axis":"z","origin":[7.971137,8.009469,6.8713026]},"faces":{"east":{"uv":[1.375,14.125,1.6875,14.4375],"rotation":0,"texture":"#0","tintindex":0},"south":{"uv":[0.3125,14.125,0.0,14.4375],"rotation":0,"texture":"#0","tintindex":0},"north":{"uv":[0.0,14.125,0.3125,14.4375],"rotation":0,"texture":"#0","tintindex":0},"west":{"uv":[2.0,14.125,2.3125,14.4375],"rotation":0,"texture":"#0","tintindex":0},"up":{"uv":[2.625,14.4375,2.3125,14.125],"rotation":0,"texture":"#0","tintindex":0},"down":{"uv":[6.4375,13.5,6.125,13.8125],"rotation":0,"texture":"#0","tintindex":0}}},{"from":[7.685423,8.742526,5.1238914],"to":[8.256851,9.885383,5.69532],"rotation":{"angle":-22.5,"axis":"x","origin":[7.971137,9.313954,5.5524626]},"faces":{"east":{"uv":[5.0625,14.6875,5.125,14.8125],"rotation":0,"texture":"#0","tintindex":0},"south":{"uv":[4.5625,14.8125,4.625,14.9375],"rotation":0,"texture":"#0","tintindex":0},"north":{"uv":[5.375,12.4375,5.4375,12.5625],"rotation":0,"texture":"#0","tintindex":0},"west":{"uv":[4.6875,14.9375,4.75,15.0625],"rotation":0,"texture":"#0","tintindex":0},"up":{"uv":[1.4375,15.375,1.375,15.3125],"rotation":0,"texture":"#0","tintindex":0},"down":{"uv":[1.5,15.3125,1.4375,15.375],"rotation":0,"texture":"#0","tintindex":0}}},{"from":[7.3997087,8.43804,4.7855883],"to":[8.542565,9.580897,7.071303],"rotation":{"angle":45.0,"axis":"x","origin":[7.971137,8.009469,5.1570168]},"faces":{"east":{"uv":[6.125,15.1875,6.0,14.9375],"rotation":90,"texture":"#0","tintindex":0},"south":{"uv":[7.1875,14.875,7.3125,15.0],"rotation":0,"texture":"#0","tintindex":0},"north":{"uv":[7.1875,14.75,7.3125,14.875],"rotation":0,"texture":"#0","tintindex":0},"west":{"uv":[6.8125,14.5,7.0625,14.625],"rotation":0,"texture":"#0","tintindex":0},"up":{"uv":[6.0,15.1875,5.875,14.9375],"rotation":0,"texture":"#0","tintindex":0},"down":{"uv":[6.125,14.9375,6.0,15.1875],"rotation":0,"texture":"#0","tintindex":0}}}],"display":{"head":{"translation":[0.0,-6.4,0.0],"scale":[4.0,4.0,4.0]}}}