{"textures":{"0":"item/mobs/zaku/zaku"},"elements":[{"from":[7.714286,2.9347997,-11.42643],"to":[8.285714,4.0776567,-6.8550005],"rotation":{"angle":0.0,"axis":"y","origin":[3.142857,2.9347997,5.7164288]},"faces":{"east":{"uv":[11.75,3.75,11.5,4.75],"rotation":90,"texture":"#0","tintindex":0},"south":{"uv":[12.25,0.5,12.125,0.75],"rotation":0,"texture":"#0","tintindex":0},"north":{"uv":[11.375,3.75,11.25,3.5],"rotation":180,"texture":"#0","tintindex":0},"west":{"uv":[11.5,3.75,11.75,4.75],"rotation":270,"texture":"#0","tintindex":0},"up":{"uv":[12.0,4.25,12.125,5.25],"rotation":0,"texture":"#0","tintindex":0},"down":{"uv":[11.875,4.25,12.0,5.25],"rotation":180,"texture":"#0","tintindex":0}}},{"from":[7.714286,2.9347997,-12.569286],"to":[8.285714,10.363372,-11.42643],"rotation":{"angle":0.0,"axis":"y","origin":[3.142857,2.9347997,5.7164288]},"faces":{"east":{"uv":[11.875,2.875,10.25,3.125],"rotation":90,"texture":"#0","tintindex":0},"south":{"uv":[9.625,3.625,9.5,5.25],"rotation":0,"texture":"#0","tintindex":0},"north":{"uv":[10.25,4.875,10.125,3.25],"rotation":180,"texture":"#0","tintindex":0},"west":{"uv":[10.25,2.875,11.875,3.125],"rotation":270,"texture":"#0","tintindex":0},"up":{"uv":[12.25,1.0,12.375,1.25],"rotation":0,"texture":"#0","tintindex":0},"down":{"uv":[12.125,3.375,12.25,3.625],"rotation":180,"texture":"#0","tintindex":0}}},{"from":[6.857143,5.7919426,-9.997858],"to":[9.142858,9.791943,-8.283573],"rotation":{"angle":0.0,"axis":"y","origin":[3.4285712,2.9347997,5.7164288]},"faces":{"east":{"uv":[11.875,2.0,11.0,2.375],"rotation":90,"texture":"#0","tintindex":0},"south":{"uv":[9.75,2.375,9.25,3.25],"rotation":0,"texture":"#0","tintindex":0},"north":{"uv":[9.25,3.25,8.75,2.375],"rotation":180,"texture":"#0","tintindex":0},"west":{"uv":[11.0,2.0,11.875,2.375],"rotation":270,"texture":"#0","tintindex":0},"up":{"uv":[12.375,1.375,12.875,1.75],"rotation":0,"texture":"#0","tintindex":0},"down":{"uv":[12.375,1.0,12.875,1.375],"rotation":180,"texture":"#0","tintindex":0}}},{"from":[6.857143,5.7919426,-7.1407146],"to":[9.142858,9.791943,-5.426429],"rotation":{"angle":0.0,"axis":"y","origin":[3.4285712,2.9347997,5.7164288]},"faces":{"east":{"uv":[11.875,2.0,11.0,2.375],"rotation":90,"texture":"#0","tintindex":0},"south":{"uv":[9.75,2.375,9.25,3.25],"rotation":0,"texture":"#0","tintindex":0},"north":{"uv":[9.25,3.25,8.75,2.375],"rotation":180,"texture":"#0","tintindex":0},"west":{"uv":[11.0,2.0,11.875,2.375],"rotation":270,"texture":"#0","tintindex":0},"up":{"uv":[12.375,1.375,12.875,1.75],"rotation":0,"texture":"#0","tintindex":0},"down":{"uv":[12.375,1.0,12.875,1.375],"rotation":180,"texture":"#0","tintindex":0}}},{"from":[6.857143,5.7919426,-4.283572],"to":[9.142858,9.791943,-2.5692863],"rotation":{"angle":0.0,"axis":"y","origin":[3.4285712,2.9347997,5.7164288]},"faces":{"east":{"uv":[11.875,2.0,11.0,2.375],"rotation":90,"texture":"#0","tintindex":0},"south":{"uv":[9.75,2.375,9.25,3.25],"rotation":0,"texture":"#0","tintindex":0},"north":{"uv":[9.25,3.25,8.75,2.375],"rotation":180,"texture":"#0","tintindex":0},"west":{"uv":[11.0,2.0,11.875,2.375],"rotation":270,"texture":"#0","tintindex":0},"up":{"uv":[12.375,1.375,12.875,1.75],"rotation":0,"texture":"#0","tintindex":0},"down":{"uv":[12.375,1.0,12.875,1.375],"rotation":180,"texture":"#0","tintindex":0}}},{"from":[6.857143,5.7919426,-8.283573],"to":[9.142858,6.9348,-7.1407146],"rotation":{"angle":0.0,"axis":"y","origin":[3.4285712,2.9347997,5.7164288]},"faces":{"east":{"uv":[9.5,4.75,9.25,5.0],"rotation":90,"texture":"#0","tintindex":0},"south":{"uv":[12.875,4.375,12.375,4.625],"rotation":0,"texture":"#0","tintindex":0},"north":{"uv":[12.875,4.375,12.375,4.125],"rotation":180,"texture":"#0","tintindex":0},"west":{"uv":[9.25,4.75,9.5,5.0],"rotation":270,"texture":"#0","tintindex":0},"up":{"uv":[12.375,3.875,12.875,4.125],"rotation":0,"texture":"#0","tintindex":0},"down":{"uv":[11.625,2.375,12.125,2.625],"rotation":180,"texture":"#0","tintindex":0}}},{"from":[6.856571,5.219943,-0.7984295],"to":[9.143429,7.5068,0.34557152],"rotation":{"angle":-22.5,"axis":"x","origin":[8.0,6.5062284,0.05928564]},"faces":{"east":{"uv":[13.125,2.125,12.625,2.375],"rotation":90,"texture":"#0","tintindex":0},"south":{"uv":[12.25,3.75,11.75,4.25],"rotation":0,"texture":"#0","tintindex":0},"north":{"uv":[12.25,1.25,11.75,0.75],"rotation":180,"texture":"#0","tintindex":0},"west":{"uv":[12.625,2.125,13.125,2.375],"rotation":270,"texture":"#0","tintindex":0},"up":{"uv":[12.625,0.25,13.125,0.5],"rotation":0,"texture":"#0","tintindex":0},"down":{"uv":[9.625,4.5,10.125,4.75],"rotation":180,"texture":"#0","tintindex":0}}},{"from":[6.857143,6.9348,1.1449995],"to":[9.142858,9.220514,2.2878566],"rotation":{"angle":-22.5,"axis":"x","origin":[8.0,8.077657,1.7164283]},"faces":{"east":{"uv":[13.125,2.125,12.625,2.375],"rotation":90,"texture":"#0","tintindex":0},"south":{"uv":[12.25,3.75,11.75,4.25],"rotation":0,"texture":"#0","tintindex":0},"north":{"uv":[12.25,1.25,11.75,0.75],"rotation":180,"texture":"#0","tintindex":0},"west":{"uv":[12.625,2.125,13.125,2.375],"rotation":270,"texture":"#0","tintindex":0},"up":{"uv":[12.625,0.25,13.125,0.5],"rotation":0,"texture":"#0","tintindex":0},"down":{"uv":[9.625,4.5,10.125,4.75],"rotation":180,"texture":"#0","tintindex":0}}},{"from":[7.285714,7.3633714,-0.14071465],"to":[8.714286,8.791943,13.287857],"rotation":{"angle":0.0,"axis":"y","origin":[3.4285712,3.5062284,5.7164288]},"faces":{"east":{"uv":[12.75,5.125,12.5,8.0],"rotation":90,"texture":"#0","tintindex":0},"south":{"uv":[15.125,7.625,14.875,7.875],"rotation":0,"texture":"#0","tintindex":0},"north":{"uv":[16.0,7.75,15.75,7.5],"rotation":180,"texture":"#0","tintindex":0},"west":{"uv":[12.75,5.125,13.0,8.0],"rotation":270,"texture":"#0","tintindex":0},"up":{"uv":[12.5,5.125,12.75,8.0],"rotation":0,"texture":"#0","tintindex":0},"down":{"uv":[13.0,5.125,12.75,8.0],"rotation":180,"texture":"#0","tintindex":0}}},{"from":[7.428571,4.0776567,-5.712144],"to":[8.571428,9.220514,0.0021424294],"rotation":{"angle":0.0,"axis":"y","origin":[3.4285712,2.9347997,5.7164288]},"faces":{"east":{"uv":[10.25,0.0,9.125,1.25],"rotation":90,"texture":"#0","tintindex":0},"south":{"uv":[11.0,3.5,10.75,4.625],"rotation":0,"texture":"#0","tintindex":0},"north":{"uv":[10.75,4.625,10.5,3.5],"rotation":180,"texture":"#0","tintindex":0},"west":{"uv":[9.125,0.0,10.25,1.25],"rotation":270,"texture":"#0","tintindex":0},"up":{"uv":[9.875,3.25,10.125,4.5],"rotation":0,"texture":"#0","tintindex":0},"down":{"uv":[9.625,3.25,9.875,4.5],"rotation":180,"texture":"#0","tintindex":0}}},{"from":[7.714286,2.9347997,-5.1407146],"to":[8.285714,4.0776567,2.2878566],"rotation":{"angle":0.0,"axis":"y","origin":[3.142857,2.9347997,5.7164288]},"faces":{"east":{"uv":[10.5,3.125,10.25,4.75],"rotation":90,"texture":"#0","tintindex":0},"south":{"uv":[12.5,4.875,12.375,5.125],"rotation":0,"texture":"#0","tintindex":0},"north":{"uv":[11.0,5.125,10.875,4.875],"rotation":180,"texture":"#0","tintindex":0},"west":{"uv":[10.25,3.125,10.5,4.75],"rotation":270,"texture":"#0","tintindex":0},"up":{"uv":[11.75,4.25,11.875,5.875],"rotation":0,"texture":"#0","tintindex":0},"down":{"uv":[12.25,3.375,12.375,5.0],"rotation":180,"texture":"#0","tintindex":0}}},{"from":[7.714286,4.3633714,-6.283572],"to":[8.285714,5.7919426,-5.712144],"rotation":{"angle":0.0,"axis":"y","origin":[3.142857,2.9347997,5.7164288]},"faces":{"east":{"uv":[13.25,2.0,12.875,2.125],"rotation":90,"texture":"#0","tintindex":0},"south":{"uv":[12.25,4.625,12.125,5.0],"rotation":0,"texture":"#0","tintindex":0},"north":{"uv":[12.25,4.625,12.125,4.25],"rotation":180,"texture":"#0","tintindex":0},"west":{"uv":[12.875,2.0,13.25,2.125],"rotation":270,"texture":"#0","tintindex":0},"up":{"uv":[11.875,2.25,12.0,2.375],"rotation":0,"texture":"#0","tintindex":0},"down":{"uv":[11.75,1.25,11.875,1.375],"rotation":180,"texture":"#0","tintindex":0}}},{"from":[6.857143,6.2205143,2.8592854],"to":[9.142858,8.506228,4.002143],"rotation":{"angle":-22.5,"axis":"x",