{"textures":{"0":"item/mobs/zaku/zaku"},"elements":[{"from":[5.428571,5.428571,5.428571],"to":[10.571428,7.714286,10.571428],"rotation":{"angle":45.0,"axis":"y","origin":[8.0,16.285715,8.0]},"faces":{"east":{"uv":[3.8125,13.625,3.25,13.875],"rotation":0,"texture":"#0","tintindex":0},"south":{"uv":[1.3125,13.75,0.75,14.0],"rotation":0,"texture":"#0","tintindex":0},"north":{"uv":[3.25,13.625,3.8125,13.875],"rotation":0,"texture":"#0","tintindex":0},"west":{"uv":[0.75,13.75,1.3125,14.0],"rotation":0,"texture":"#0","tintindex":0},"up":{"uv":[2.25,12.375,1.6875,11.8125],"rotation":0,"texture":"#0","tintindex":0},"down":{"uv":[4.5,9.125,3.9375,9.6875],"rotation":0,"texture":"#0","tintindex":0}}},{"from":[6.857143,5.428571,10.0],"to":[9.142858,8.857143,13.428572],"rotation":{"angle":-45.0,"axis":"x","origin":[8.0,6.5714283,11.714286]},"faces":{"east":{"uv":[0.0,13.75,0.375,14.125],"rotation":0,"texture":"#0","tintindex":0},"south":{"uv":[6.25,8.375,6.5,8.75],"rotation":0,"texture":"#0","tintindex":0},"north":{"uv":[1.125,9.9375,1.375,10.3125],"rotation":0,"texture":"#0","tintindex":0},"west":{"uv":[1.3125,13.75,1.6875,14.125],"rotation":0,"texture":"#0","tintindex":0},"up":{"uv":[6.4375,9.4375,6.1875,9.0625],"rotation":0,"texture":"#0","tintindex":0},"down":{"uv":[6.4375,9.4375,6.1875,9.8125],"rotation":0,"texture":"#0","tintindex":0}}},{"from":[7.142857,1.2612057,11.310223],"to":[8.857143,6.9754915,13.024508],"rotation":{"angle":-22.5,"axis":"x","origin":[8.0,6.9754915,11.310223]},"faces":{"east":{"uv":[2.6875,13.9375,2.875,14.5625],"rotation":0,"texture":"#0","tintindex":0},"south":{"uv":[2.875,13.9375,3.0625,14.5625],"rotation":0,"texture":"#0","tintindex":0},"north":{"uv":[2.875,13.9375,2.6875,14.5625],"rotation":0,"texture":"#0","tintindex":0},"west":{"uv":[3.0625,13.9375,2.875,14.5625],"rotation":0,"texture":"#0","tintindex":0},"up":{"uv":[7.0625,9.625,6.875,9.4375],"rotation":0,"texture":"#0","tintindex":0},"down":{"uv":[1.8125,14.875,1.625,15.0625],"rotation":0,"texture":"#0","tintindex":0}}},{"from":[4.8571424,-0.7387943,12.167366],"to":[11.142858,5.54692,12.167366],"rotation":{"angle":-22.5,"axis":"x","origin":[8.0,6.9754915,11.310223]},"faces":{"east":{"uv":[0.0,8.0,0.0,8.6875],"rotation":0,"texture":"#0","tintindex":0},"south":{"uv":[0.6875,9.25,1.375,9.9375],"rotation":0,"texture":"#0","tintindex":0},"north":{"uv":[0.6875,9.25,1.375,9.9375],"rotation":0,"texture":"#0","tintindex":0},"west":{"uv":[0.0,8.0,0.0,8.6875],"rotation":0,"texture":"#0","tintindex":0},"up":{"uv":[0.6875,8.0,0.0,8.0],"rotation":0,"texture":"#0","tintindex":0},"down":{"uv":[0.6875,8.0,0.0,8.0],"rotation":0,"texture":"#0","tintindex":0}}},{"from":[6.285714,4.285714,6.285714],"to":[9.714286,8.857143,9.714286],"rotation":{"angle":45.0,"axis":"y","origin":[8.0,16.285715,8.0]},"faces":{"east":{"uv":[3.25,13.4375,2.875,13.9375],"rotation":0,"texture":"#0","tintindex":0},"south":{"uv":[5.125,13.4375,4.75,13.9375],"rotation":0,"texture":"#0","tintindex":0},"north":{"uv":[2.875,13.4375,3.25,13.9375],"rotation":0,"texture":"#0","tintindex":0},"west":{"uv":[4.75,13.4375,5.125,13.9375],"rotation":0,"texture":"#0","tintindex":0},"up":{"uv":[2.0625,14.125,1.6875,13.75],"rotation":0,"texture":"#0","tintindex":0},"down":{"uv":[2.0625,13.75,1.6875,14.125],"rotation":0,"texture":"#0","tintindex":0}}}],"display":{"head":{"translation":[0.0,-6.4,0.0],"scale":[4.0,4.0,4.0]}}}