{"textures":{"0":"item/mobs/zaku/zaku"},"elements":[{"from":[2.3130565,8.808206,8.122771],"to":[13.741629,11.665349,10.979915],"rotation":{"angle":-45.0,"axis":"x","origin":[8.027343,10.236777,9.551343]},"faces":{"east":{"uv":[0.3125,14.1875,0.625,14.5],"rotation":0,"texture":"#0","tintindex":0},"south":{"uv":[3.9375,9.75,2.6875,9.4375],"rotation":0,"texture":"#0","tintindex":0},"north":{"uv":[2.375,10.625,3.625,10.9375],"rotation":0,"texture":"#0","tintindex":0},"west":{"uv":[6.1875,8.75,6.5,9.0625],"rotation":0,"texture":"#0","tintindex":0},"up":{"uv":[3.9375,9.4375,2.6875,9.75],"rotation":0,"texture":"#0","tintindex":0},"down":{"uv":[3.625,10.625,2.375,10.9375],"rotation":0,"texture":"#0","tintindex":0}}},{"from":[3.455914,7.9510627,6.1227713],"to":[5.1702,12.522491,12.408485],"rotation":{"angle":-45.0,"axis":"x","origin":[4.313057,10.236777,9.551343]},"faces":{"east":{"uv":[0.0,10.6875,0.6875,11.1875],"rotation":0,"texture":"#0","tintindex":0},"south":{"uv":[6.1875,12.0,6.375,12.5],"rotation":0,"texture":"#0","tintindex":0},"north":{"uv":[6.1875,9.8125,6.375,10.3125],"rotation":0,"texture":"#0","tintindex":0},"west":{"uv":[2.6875,10.0625,3.375,10.5625],"rotation":0,"texture":"#0","tintindex":0},"up":{"uv":[4.0,14.3125,3.8125,13.625],"rotation":0,"texture":"#0","tintindex":0},"down":{"uv":[6.0625,10.5,5.875,11.1875],"rotation":0,"texture":"#0","tintindex":0}}},{"from":[10.932132,7.9510627,6.1227713],"to":[12.646418,12.522491,12.408485],"rotation":{"angle":-45.0,"axis":"x","origin":[11.789274,10.236777,9.551343]},"faces":{"east":{"uv":[3.375,10.0625,2.6875,10.5625],"rotation":0,"texture":"#0","tintindex":0},"south":{"uv":[6.375,12.0,6.1875,12.5],"rotation":0,"texture":"#0","tintindex":0},"north":{"uv":[6.375,9.8125,6.1875,10.3125],"rotation":0,"texture":"#0","tintindex":0},"west":{"uv":[0.6875,10.6875,0.0,11.1875],"rotation":0,"texture":"#0","tintindex":0},"up":{"uv":[3.8125,14.3125,4.0,13.625],"rotation":0,"texture":"#0","tintindex":0},"down":{"uv":[5.875,10.5,6.0625,11.1875],"rotation":0,"texture":"#0","tintindex":0}}},{"from":[0.5987711,9.665349,8.979915],"to":[15.4559145,10.808206,10.122771],"rotation":{"angle":0.0,"axis":"y","origin":[8.027343,-0.90608025,8.6942]},"faces":{"east":{"uv":[7.25,10.5625,7.375,10.6875],"rotation":0,"texture":"#0","tintindex":0},"south":{"uv":[5.0,11.625,6.625,11.75],"rotation":0,"texture":"#0","tintindex":0},"north":{"uv":[5.0,11.5,6.625,11.625],"rotation":0,"texture":"#0","tintindex":0},"west":{"uv":[7.25,10.8125,7.375,10.9375],"rotation":0,"texture":"#0","tintindex":0},"up":{"uv":[6.625,11.875,5.0,11.75],"rotation":0,"texture":"#0","tintindex":0},"down":{"uv":[6.625,11.875,5.0,12.0],"rotation":0,"texture":"#0","tintindex":0}}},{"from":[7.45688,11.420137,8.556788],"to":[8.599737,12.562994,9.699646],"rotation":{"angle":0.0,"axis":"y","origin":[8.194023,-0.57986355,7.4139314]},"faces":{"east":{"uv":[7.25,11.0625,7.375,11.1875],"rotation":0,"texture":"#0","tintindex":0},"south":{"uv":[3.125,15.25,3.25,15.375],"rotation":0,"texture":"#0","tintindex":0},"north":{"uv":[7.25,10.9375,7.375,11.0625],"rotation":0,"texture":"#0","tintindex":0},"west":{"uv":[7.25,11.1875,7.375,11.3125],"rotation":0,"texture":"#0","tintindex":0},"up":{"uv":[3.375,15.375,3.25,15.25],"rotation":0,"texture":"#0","tintindex":0},"down":{"uv":[3.5,15.25,3.375,15.375],"rotation":0,"texture":"#0","tintindex":0}}},{"from":[5.4559145,7.6653485,5.551343],"to":[10.598772,11.665349,10.6942005],"rotation":{"angle":45.0,"axis":"y","origin":[8.027343,9.951063,8.122771]},"faces":{"east":{"uv":[1.5625,12.8125,1.0,13.25],"rotation":0,"texture":"#0","tintindex":0},"south":{"uv":[1.0,12.8125,1.5625,13.25],"rotation":0,"texture":"#0","tintindex":0},"north":{"uv":[1.0,12.8125,1.5625,13.25],"rotation":0,"texture":"#0","tintindex":0},"west":{"uv":[1.5625,12.8125,1.0,13.25],"rotation":0,"texture":"#0","tintindex":0},"up":{"uv":[4.5,10.25,3.9375,9.6875],"rotation":0,"texture":"#0","tintindex":0},"down":{"uv":[4.5,10.25,3.9375,10.8125],"rotation":0,"texture":"#0","tintindex":0}}},{"from":[9.741629,11.665349,5.837057],"to":[10.313057,12.236777,8.6942],"rotation":{"angle":45.0,"axis":"y","origin":[8.027343,9.951063,8.122771]},"faces":{"east":{"uv":[7.125,13.3125,7.4375,13.375],"rotation":0,"texture":"#0","tintindex":0},"south":{"uv":[1.5625,15.3125,1.625,15.375],"rotation":0,"texture":"#0","tintindex":0},"north":{"uv":[1.5,15.3125,1.5625,15.375],"rotation":0,"texture":"#0","tintindex":0},"west":{"uv":[7.125,13.375,7.4375,13.4375],"rotation":0,"texture":"#0","tintindex":0},"up":{"uv":[1.25,15.4375,1.1875,15.125],"rotation":0,"texture":"#0","tintindex":0},"down":{"uv":[3.5625,15.125,3.5,15.4375],"rotation":0,"texture":"#0","tintindex":0}}},{"from":[7.4559145,11.665349,5.837057],"to":[9.741629,12.236777,6.4084854],"rotation":{"angle":45.0,"axis":"y","origin":[8.027343,9.951063,8.122771]},"faces":{"east":{"uv":[1.625,15.3125,1.6875,15.375],"rotation":0,"texture":"#0","tintindex":0},"south":{"uv":[6.625,8.5,6.875,8.5625],"rotation":0,"texture":"#0","tintindex":0},"north":{"uv":[6.1875,12.6875,6.4375,12.75],"rotation":0,"texture":"#0","tintindex":0},"west":{"uv":[1.6875,15.3125,1.75,15.375],"rotation":0,"texture":"#0","tintindex":0},"up":{"uv":[6.875,9.5,6.625,9.4375],"rotation":0,"texture":"#0","tintindex":0},"down":{"uv":[7.4375,13.0,7.1875,13.0625],"rotation":0,"texture":"#0","tintindex":0}}},{"from":[6.027343,5.9510627,6.1227713],"to":[9.4559145,7.6653485,9.551343],"rotation":{"angle":-45.0,"axis":"y","origin":[8.027343,9.951063,8.122771]},"faces":{"east":{"uv":[6.5,8.75,6.875,8.9375],"rotation":0,"texture":"#0","tintindex":0},"south":{"uv":[6.875,8.75,6.5,8.9375],"rotation":0,"texture":"#0","tintindex":0},"north":{"uv":[1.75,10.375,2.125,10.5625],"rotation":0,"texture":"#0","tintindex":0},"west":{"uv":[6.5,8.75,6.875,8.9375],"rotation":0,"texture":"#0","tintindex":0},"up":{"uv":[6.1875,12.375,5.8125,12.0],"rotation":0,"texture":"#0","tintindex":0},"down":{"uv":[6.1875,12.375,5.8125,12.75],"rotation":0,"texture":"#0","tintindex":0}}},{"from":[6.027343,4.8082056,6.1227713],"to":[7.1702,5.9510627,7.2656283],"rotation":{"angle":-45.0,"axis":"y","origin":[8.027343,9.951063,8.122771]},"faces":{"east":{"uv":[7.25,11.5625,7.375,11.6875],"rotation":0,"texture":"#0","tintindex":0},"south":{"uv":[3.625,15.25,3.75,15.375],"rotation":0,"texture":"#0","tintindex":0},"north":{"uv":[7.25,11.4375,7.375,11.5625],"rotation":0,"texture":"#0","tintindex":0},"west":{"uv":[7.25,11.6875,7.375,11.8125],"rotation":0,"texture":"#0","tintindex":0},"up":{"uv":[3.875,15.375,3.75,15.25],"rotation":0,"texture":"#0","tintindex":0},"down":{"uv":[7.375,11.8125,7.25,11.9375],"rotation":0,"texture":"#0","tintindex":0}}},{"from":[6.313057,7.0939198,8.498115],"to":[9.741629,11.665349,11.926685],"rotation":{"angle":22.5,"axis":"x","origin":[8.027343,9.09392,11.355257]},"faces":{"east":{"uv":[5.875,9.5,5.5,10.0],"rotation":0,"texture":"#0","tintindex":0},"south":{"uv":[5.5,9.0,5.875,9.5],"rotation":0,"texture":"#0","tintindex":0},"north":{"uv":[5.5,8.0,5.875,8.5],"rotation":0,"texture":"#0","tintindex":0},"west":{"uv":[5.5,9.5,5.875,10.0],"rotation":0,"texture":"#0","tintindex":0},"up":{"uv":[6.25,8.375,5.875,8.0],"rotation":0,"texture":"#0","tintindex":0},"down":{"uv":[6.25,8.375,5.875,8.75],"rotation":0,"texture":"#0","tintindex":0}}},{"from":[6.8844857,8.674131,11.01368],"to":[9.1702,12.102703,12.727966],"rotation":{"angle":45.0,"axis":"x","origin":[8.027343,9.531275,10.299395]},"faces":{"east":{"uv":[2.625,14.5625,2.8125,14.9375],"rotation":0,"texture":"#0","tintindex":0},"south":{"uv":[6.25,8.375,6.5,8.75],"rotation":0,"texture":"#0","tintindex":0},"north":{"uv":[6.25,8.0,6.5,8.375],"rotation":0,"texture":"#0","tintindex":0},"west":{"uv":[2.8125,14.5625,3.0,14.9375],"rotation":0,"texture":"#0","tintindex":0},"up":{"uv":[3.8125,13.1875,3.5625,13.0],"rotation":0,"texture":"#0","tintindex":0},"down":{"uv":[7.0625,9.0625,6.8125,9.25],"rotation":0,"texture":"#0","tintindex":0}}}],