{"textures":{"0":"item/mobs/zaku/zaku"},"elements":[{"from":[6.175417,4.6237826,8.571428],"to":[9.603989,5.7666397,9.714286],"rotation":{"angle":-45.0,"axis":"z","origin":[8.0,6.2277713,9.142858]},"faces":{"east":{"uv":[7.1875,15.125,7.3125,15.25],"rotation":0,"texture":"#0","tintindex":0},"south":{"uv":[6.625,11.0625,7.0,11.1875],"rotation":0,"texture":"#0","tintindex":0},"north":{"uv":[5.0,12.4375,5.375,12.5625],"rotation":0,"texture":"#0","tintindex":0},"west":{"uv":[7.25,8.0,7.375,8.125],"rotation":0,"texture":"#0","tintindex":0},"up":{"uv":[7.0625,14.3125,6.6875,14.1875],"rotation":0,"texture":"#0","tintindex":0},"down":{"uv":[7.1875,8.9375,6.8125,9.0625],"rotation":0,"texture":"#0","tintindex":0}}},{"from":[9.889703,2.6237826,8.285714],"to":[11.603989,4.3380685,10.0],"rotation":{"angle":-45.0,"axis":"z","origin":[8.0,6.2277713,9.142858]},"faces":{"east":{"uv":[7.0625,12.9375,6.875,13.125],"rotation":0,"texture":"#0","tintindex":0},"south":{"uv":[6.875,13.3125,7.0625,13.5],"rotation":0,"texture":"#0","tintindex":0},"north":{"uv":[6.875,12.9375,7.0625,13.125],"rotation":0,"texture":"#0","tintindex":0},"west":{"uv":[5.375,14.875,5.5625,15.0625],"rotation":0,"texture":"#0","tintindex":0},"up":{"uv":[6.9375,15.0625,6.75,14.875],"rotation":0,"texture":"#0","tintindex":0},"down":{"uv":[7.0625,12.9375,6.875,13.125],"rotation":0,"texture":"#0","tintindex":0}}},{"from":[5.372074,1.0774341,8.5720005],"to":[7.656646,2.2191482,9.713715],"rotation":{"angle":45.0,"axis":"z","origin":[8.0,6.2277713,9.142858]},"faces":{"east":{"uv":[0.75,15.25,0.625,15.375],"rotation":0,"texture":"#0","tintindex":0},"south":{"uv":[6.9375,14.625,7.1875,14.75],"rotation":0,"texture":"#0","tintindex":0},"north":{"uv":[7.1875,14.625,6.9375,14.75],"rotation":0,"texture":"#0","tintindex":0},"west":{"uv":[0.625,15.25,0.5,15.375],"rotation":0,"texture":"#0","tintindex":0},"up":{"uv":[6.9375,15.0,7.1875,14.875],"rotation":0,"texture":"#0","tintindex":0},"down":{"uv":[7.0,8.0,7.25,8.125],"rotation":0,"texture":"#0","tintindex":0}}},{"from":[11.841251,-0.60813713,8.5720005],"to":[13.554395,0.5335765,9.713715],"rotation":{"angle":-45.0,"axis":"z","origin":[8.0,6.2277713,9.142858]},"faces":{"east":{"uv":[7.25,9.8125,7.375,9.9375],"rotation":0,"texture":"#0","tintindex":0},"south":{"uv":[3.9375,15.125,3.75,15.25],"rotation":0,"texture":"#0","tintindex":0},"north":{"uv":[3.75,15.125,3.9375,15.25],"rotation":0,"texture":"#0","tintindex":0},"west":{"uv":[7.25,9.9375,7.375,10.0625],"rotation":0,"texture":"#0","tintindex":0},"up":{"uv":[5.125,15.25,4.9375,15.125],"rotation":0,"texture":"#0","tintindex":0},"down":{"uv":[7.3125,13.0625,7.125,13.1875],"rotation":0,"texture":"#0","tintindex":0}}},{"from":[5.8816514,-1.3221197,8.571428],"to":[7.0245085,1.5350223,9.714286],"rotation":{"angle":0.0,"axis":"y","origin":[8.0,6.2277713,9.142858]},"faces":{"east":{"uv":[3.375,14.8125,3.5,15.125],"rotation":0,"texture":"#0","tintindex":0},"south":{"uv":[3.375,14.8125,3.25,15.125],"rotation":0,"texture":"#0","tintindex":0},"north":{"uv":[3.25,14.8125,3.375,15.125],"rotation":0,"texture":"#0","tintindex":0},"west":{"uv":[3.9375,14.8125,4.0625,15.125],"rotation":0,"texture":"#0","tintindex":0},"up":{"uv":[7.375,8.9375,7.25,8.8125],"rotation":0,"texture":"#0","tintindex":0},"down":{"uv":[1.0625,15.25,0.9375,15.375],"rotation":0,"texture":"#0","tintindex":0}}},{"from":[8.343354,1.0774341,8.5720005],"to":[10.627926,2.2191482,9.713715],"rotation":{"angle":-45.0,"axis":"z","origin":[8.0,6.2277713,9.142858]},"faces":{"east":{"uv":[0.5,15.25,0.625,15.375],"rotation":0,"texture":"#0","tintindex":0},"south":{"uv":[7.1875,14.625,6.9375,14.75],"rotation":0,"texture":"#0","tintindex":0},"north":{"uv":[6.9375,14.625,7.1875,14.75],"rotation":0,"texture":"#0","tintindex":0},"west":{"uv":[0.625,15.25,0.75,15.375],"rotation":0,"texture":"#0","tintindex":0},"up":{"uv":[7.1875,15.0,6.9375,14.875],"rotation":0,"texture":"#0","tintindex":0},"down":{"uv":[7.25,8.0,7.0,8.125],"rotation":0,"texture":"#0","tintindex":0}}},{"from":[8.975492,-1.3221197,8.571428],"to":[10.118349,1.5350223,9.714286],"rotation":{"angle":0.0,"axis":"y","origin":[8.0,6.2277713,9.142858]},"faces":{"east":{"uv":[4.0625,14.8125,3.9375,15.125],"rotation":0,"texture":"#0","tintindex":0},"south":{"uv":[3.25,14.8125,3.375,15.125],"rotation":0,"texture":"#0","tintindex":0},"north":{"uv":[3.375,14.8125,3.25,15.125],"rotation":0,"texture":"#0","tintindex":0},"west":{"uv":[3.5,14.8125,3.375,15.125],"rotation":0,"texture":"#0","tintindex":0},"up":{"uv":[7.25,8.9375,7.375,8.8125],"rotation":0,"texture":"#0","tintindex":0},"down":{"uv":[0.9375,15.25,1.0625,15.375],"rotation":0,"texture":"#0","tintindex":0}}},{"from":[2.4456053,-0.60813713,8.5720005],"to":[4.1587486,0.5335765,9.713715],"rotation":{"angle":45.0,"axis":"z","origin":[8.0,6.2277713,9.142858]},"faces":{"east":{"uv":[7.375,9.9375,7.25,10.0625],"rotation":0,"texture":"#0","tintindex":0},"south":{"uv":[3.75,15.125,3.9375,15.25],"rotation":0,"texture":"#0","tintindex":0},"north":{"uv":[3.9375,15.125,3.75,15.25],"rotation":0,"texture":"#0","tintindex":0},"west":{"uv":[7.375,9.8125,7.25,9.9375],"rotation":0,"texture":"#0","tintindex":0},"up":{"uv":[4.9375,15.25,5.125,15.125],"rotation":0,"texture":"#0","tintindex":0},"down":{"uv":[7.125,13.0625,7.3125,13.1875],"rotation":0,"texture":"#0","tintindex":0}}},{"from":[7.03256,1.4809256,9.142858],"to":[12.746846,7.1952114,9.142858],"rotation":{"angle":-45.0,"axis":"z","origin":[8.0,6.2277713,9.142858]},"faces":{"east":{"uv":[0.0,8.0,0.0,8.625],"rotation":0,"texture":"#0","tintindex":0},"south":{"uv":[1.75,10.625,2.375,11.25],"rotation":0,"texture":"#0","tintindex":0},"north":{"uv":[1.125,10.375,1.75,11.0],"rotation":0,"texture":"#0","tintindex":0},"west":{"uv":[0.0,8.0,0.0,8.625],"rotation":0,"texture":"#0","tintindex":0},"up":{"uv":[0.625,8.0,0.0,8.0],"rotation":0,"texture":"#0","tintindex":0},"down":{"uv":[0.625,8.0,0.0,8.0],"rotation":0,"texture":"#0","tintindex":0}}},{"from":[7.5388684,4.6237826,8.571428],"to":[9.824583,5.7666397,9.714286],"rotation":{"angle":45.0,"axis":"z","origin":[8.0,6.2277713,9.142858]},"faces":{"east":{"uv":[7.25,10.0625,7.375,10.1875],"rotation":0,"texture":"#0","tintindex":0},"south":{"uv":[7.0,9.625,7.25,9.75],"rotation":0,"texture":"#0","tintindex":0},"north":{"uv":[7.0,8.125,7.25,8.25],"rotation":0,"texture":"#0","tintindex":0},"west":{"uv":[7.25,10.4375,7.375,10.5625],"rotation":0,"texture":"#0","tintindex":0},"up":{"uv":[7.25,10.5625,7.0,10.4375],"rotation":0,"texture":"#0","tintindex":0},"down":{"uv":[7.25,10.5625,7.0,10.6875],"rotation":0,"texture":"#0","tintindex":0}}}],"display":{"head":{"translation":[0.0,-6.4,0.0],"scale":[4.0,4.0,4.0]}}}