{"textures":{"0":"item/mobs/zaku/zaku"},"elements":[{"from":[6.9523945,6.857143,6.857143],"to":[9.238109,9.142858,9.142858],"rotation":{"angle":0.0,"axis":"y","origin":[8.66668,8.857143,7.5714283]},"faces":{"east":{"uv":[3.25,14.5625,3.0,14.8125],"rotation":0,"texture":"#0","tintindex":0},"south":{"uv":[5.375,14.5625,5.125,14.8125],"rotation":0,"texture":"#0","tintindex":0},"north":{"uv":[3.0,14.5625,3.25,14.8125],"rotation":0,"texture":"#0","tintindex":0},"west":{"uv":[5.125,14.5625,5.375,14.8125],"rotation":0,"texture":"#0","tintindex":0},"up":{"uv":[3.25,14.5625,3.0,14.8125],"rotation":0,"texture":"#0","tintindex":0},"down":{"uv":[5.375,14.8125,5.125,14.5625],"rotation":0,"texture":"#0","tintindex":0}}}],"display":{"head":{"translation":[0.0,-6.4,0.0],"scale":[4.0,4.0,4.0]}}}