{"textures":{"0":"item/mobs/zaku/zaku"},"elements":[{"from":[6.9928913,4.5959024,5.9988055],"to":[9.135749,9.310188,10.713092],"rotation":{"angle":0.0,"axis":"y","origin":[19.495766,6.5377827,5.121114]},"faces":{"east":{"uv":[5.0,9.9375,4.5,10.4375],"rotation":0,"texture":"#0","tintindex":0},"south":{"uv":[4.25,13.875,4.5,14.375],"rotation":0,"texture":"#0","tintindex":0},"north":{"uv":[4.0625,12.0625,3.8125,12.5625],"rotation":0,"texture":"#0","tintindex":0},"west":{"uv":[4.5,9.9375,5.0,10.4375],"rotation":0,"texture":"#0","tintindex":0},"up":{"uv":[4.25,14.375,4.5,13.875],"rotation":0,"texture":"#0","tintindex":0},"down":{"uv":[3.8125,12.0625,4.0625,12.5625],"rotation":0,"texture":"#0","tintindex":0}}},{"from":[10.059709,5.6219482,-3.4812346],"to":[11.346566,6.908806,-1.7658062],"rotation":{"angle":45.0,"axis":"y","origin":[19.495766,6.6806397,5.121114]},"faces":{"east":{"uv":[2.25,12.75,2.125,13.0],"rotation":0,"texture":"#0","tintindex":0},"south":{"uv":[2.25,11.8125,2.375,12.0625],"rotation":0,"texture":"#0","tintindex":0},"north":{"uv":[2.125,12.75,2.25,13.0],"rotation":0,"texture":"#0","tintindex":0},"west":{"uv":[2.375,11.8125,2.25,12.0625],"rotation":0,"texture":"#0","tintindex":0},"up":{"uv":[6.5,9.0625,6.625,8.9375],"rotation":0,"texture":"#0","tintindex":0},"down":{"uv":[4.4375,15.125,4.5625,15.25],"rotation":0,"texture":"#0","tintindex":0}}},{"from":[9.221406,5.908234,12.681778],"to":[9.935692,6.62252,14.396063],"rotation":{"angle":-45.0,"axis":"y","origin":[16.94836,6.6806397,5.121114]},"faces":{"east":{"uv":[6.875,13.4375,6.6875,13.5],"rotation":0,"texture":"#0","tintindex":0},"south":{"uv":[0.375,14.125,0.3125,14.1875],"rotation":0,"texture":"#0","tintindex":0},"north":{"uv":[5.0,8.875,4.9375,8.9375],"rotation":0,"texture":"#0","tintindex":0},"west":{"uv":[5.3125,13.4375,5.125,13.5],"rotation":0,"texture":"#0","tintindex":0},"up":{"uv":[2.0625,13.9375,2.125,13.75],"rotation":0,"texture":"#0","tintindex":0},"down":{"uv":[4.3125,15.1875,4.375,15.375],"rotation":0,"texture":"#0","tintindex":0}}},{"from":[5.9363484,5.6225195,4.801497],"to":[7.6506343,6.908234,6.0872116],"rotation":{"angle":0.0,"axis":"y","origin":[19.14776,6.6806397,6.6077657]},"faces":{"east":{"uv":[2.25,12.75,2.125,13.0],"rotation":0,"texture":"#0","tintindex":0},"south":{"uv":[2.25,11.8125,2.375,12.0625],"rotation":0,"texture":"#0","tintindex":0},"north":{"uv":[2.125,12.75,2.25,13.0],"rotation":0,"texture":"#0","tintindex":0},"west":{"uv":[2.375,11.8125,2.25,12.0625],"rotation":0,"texture":"#0","tintindex":0},"up":{"uv":[6.5,9.0625,6.625,8.9375],"rotation":0,"texture":"#0","tintindex":0},"down":{"uv":[4.4375,15.125,4.5625,15.25],"rotation":0,"texture":"#0","tintindex":0}}},{"from":[10.680977,-5.235034,5.9993773],"to":[11.964406,-3.0944633,7.2828054],"rotation":{"angle":-45.0,"axis":"z","origin":[19.832767,4.1661825,8.569377]},"faces":{"east":{"uv":[2.25,12.75,2.125,13.0],"rotation":0,"texture":"#0","tintindex":0},"south":{"uv":[2.25,11.8125,2.375,12.0625],"rotation":0,"texture":"#0","tintindex":0},"north":{"uv":[2.125,12.75,2.25,13.0],"rotation":0,"texture":"#0","tintindex":0},"west":{"uv":[2.375,11.8125,2.25,12.0625],"rotation":0,"texture":"#0","tintindex":0},"up":{"uv":[6.5,9.0625,6.625,8.9375],"rotation":0,"texture":"#0","tintindex":0},"down":{"uv":[4.4375,15.125,4.5625,15.25],"rotation":0,"texture":"#0","tintindex":0}}},{"from":[5.7653255,3.08148,6.1416626],"to":[7.6213255,4.080337,7.14052],"rotation":{"angle":0.0,"axis":"y","origin":[18.836468,4.402051,8.569377]},"faces":{"east":{"uv":[2.25,12.75,2.125,13.0],"rotation":0,"texture":"#0","tintindex":0},"south":{"uv":[2.25,11.8125,2.375,12.0625],"rotation":0,"texture":"#0","tintindex":0},"north":{"uv":[2.125,12.75,2.25,13.0],"rotation":0,"texture":"#0","tintindex":0},"west":{"uv":[2.375,11.8125,2.25,12.0625],"rotation":0,"texture":"#0","tintindex":0},"up":{"uv":[6.5,9.0625,6.625,8.9375],"rotation":0,"texture":"#0","tintindex":0},"down":{"uv":[4.4375,15.125,4.5625,15.25],"rotation":0,"texture":"#0","tintindex":0}}},{"from":[7.5194116,-4.7561045,7.6416626],"to":[8.803983,-4.1858177,8.211948],"rotation":{"angle":-45.0,"axis":"z","origin":[16.385777,3.1816912,7.4982343]},"faces":{"east":{"uv":[7.0625,12.875,7.0,12.9375],"rotation":0,"texture":"#0","tintindex":0},"south":{"uv":[7.375,11.9375,7.25,12.0],"rotation":0,"texture":"#0","tintindex":0},"north":{"uv":[7.0625,9.375,6.9375,9.4375],"rotation":0,"texture":"#0","tintindex":0},"west":{"uv":[7.0625,11.4375,7.0,11.5],"rotation":0,"texture":"#0","tintindex":0},"up":{"uv":[4.0,15.3125,4.125,15.25],"rotation":0,"texture":"#0","tintindex":0},"down":{"uv":[7.25,12.0,7.375,12.0625],"rotation":0,"texture":"#0","tintindex":0}}},{"from":[7.6622686,-3.413247,10.070234],"to":[8.94684,-2.8429604,10.64052],"rotation":{"angle":-45.0,"axis":"z","origin":[16.385777,3.1816912,7.4982343]},"faces":{"east":{"uv":[7.0625,12.875,7.0,12.9375],"rotation":0,"texture":"#0","tintindex":0},"south":{"uv":[7.375,11.9375,7.25,12.0],"rotation":0,"texture":"#0","tintindex":0},"north":{"uv":[7.0625,9.375,6.9375,9.4375],"rotation":0,"texture":"#0","tintindex":0},"west":{"uv":[7.0625,11.4375,7.0,11.5],"rotation":0,"texture":"#0","tintindex":0},"up":{"uv":[4.0,15.3125,4.125,15.25],"rotation":0,"texture":"#0","tintindex":0},"down":{"uv":[7.25,12.0,7.375,12.0625],"rotation":0,"texture":"#0","tintindex":0}}},{"from":[8.217857,-4.4862347,8.927378],"to":[9.502429,-3.9159489,9.4976635],"rotation":{"angle":-45.0,"axis":"z","origin":[16.94136,3.7372742,6.4268055]},"faces":{"east":{"uv":[7.0625,12.875,7.0,12.9375],"rotation":0,"texture":"#0","tintindex":0},"south":{"uv":[7.375,11.9375,7.25,12.0],"rotation":0,"texture":"#0","tintindex":0},"north":{"uv":[7.0625,9.375,6.9375,9.4375],"rotation":0,"texture":"#0","tintindex":0},"west":{"uv":[7.0625,11.4375,7.0,11.5],"rotation":0,"texture":"#0","tintindex":0},"up":{"uv":[4.0,15.3125,4.125,15.25],"rotation":0,"texture":"#0","tintindex":0},"down":{"uv":[7.25,12.0,7.375,12.0625],"rotation":0,"texture":"#0","tintindex":0}}},{"from":[8.217857,-4.4862347,6.3559484],"to":[9.502429,-3.9159489,6.9262342],"rotation":{"angle":-45.0,"axis":"z","origin":[16.94136,3.7372742,6.4268055]},"faces":{"east":{"uv":[7.0625,12.875,7.0,12.9375],"rotation":0,"texture":"#0","tintindex":0},"south":{"uv":[7.375,11.9375,7.25,12.0],"rotation":0,"texture":"#0","tintindex":0},"north":{"uv":[7.0625,9.375,6.9375,9.4375],"rotation":0,"texture":"#0","tintindex":0},"west":{"uv":[7.0625,11.4375,7.0,11.5],"rotation":0,"texture":"#0","tintindex":0},"up":{"uv":[4.0,15.3125,4.125,15.25],"rotation":0,"texture":"#0","tintindex":0},"down":{"uv":[7.25,12.0,7.375,12.0625],"rotation":0,"texture":"#0","tintindex":0}}},{"from":[5.361268,2.677423,7.4262342],"to":[7.2172685,3.67628,8.425092],"rotation":{"angle":0.0,"axis":"y","origin":[18.432411,3.997994,9.853949]},"faces":{"east":{"uv":[2.25,12.75,2.125,13.0],"rotation":0,"texture":"#0","tintindex":0},"south":{"uv":[2.25,11.8125,2.375,12.0625],"rotation":0,"texture":"#0","tintindex":0},"north":{"uv":[2.125,12.75,2.25,13.0],"rotation":0,"texture":"#0","tintindex":0},"west":{"uv":[2.375,11.8125,2.25,12.0625],"rotation":0,"texture":"#0","tintindex":0},"up":{"uv":[6.5,9.0625,6.625,8.9375],"rotation":0,"texture":"#0","tintindex":0},"down":{"uv":[4.4375,15.125,4.5625,15.25],"rotation":0,"texture":"#0","tintindex":0}}},{"from":[5.7653255,3.08148,8.713092],"to":[7.6213255,4.080337,9.711948],"rotation":{"angle":0.0,"axis":"y","origin":[18.836468,4.402051,10.855091]},"faces":{"east":{"uv":[2.25,12.75,2.125,13.0],"rotation":0,"texture":"#0","tintindex":0},"south":{"uv":[2.25,11.8125,2.375,12.0625],"rotation":0,"texture":"#0","tintindex":0},"north":{"uv":[2.125,12.75,2.25,13.0],"rotation":0,"texture":"#0","tintindex":0},"west":{"uv":[2.375,11.8125,2.25,12.0625],"rotation":0,"texture":"#0","tintindex":0},"up":{"uv":[6.5,9.0625,6.625,8.9375],"rotation":0,"texture":"#0","tintindex":0},"down":{"uv":[4.4375,15.125,4.5625,15.25],"rotation":0,"texture":"#0",