{"textures":{"0":"item/mobs/zaku/zaku"},"elements":[{"from":[7.196297,-2.8892174,7.142857],"to":[8.910583,-0.03207493,8.857143],"rotation":{"angle":0.0,"axis":"y","origin":[19.913795,3.8358512,8.0]},"faces":{"east":{"uv":[4.4375,14.5625,4.25,14.875],"rotation":0,"texture":"#0","tintindex":0},"south":{"uv":[5.375,14.5625,5.5625,14.875],"rotation":0,"texture":"#0","tintindex":0},"north":{"uv":[4.25,14.5625,4.4375,14.875],"rotation":0,"texture":"#0","tintindex":0},"west":{"uv":[5.5625,14.5625,5.375,14.875],"rotation":0,"texture":"#0","tintindex":0},"up":{"uv":[6.8125,14.125,7.0,13.9375],"rotation":0,"texture":"#0","tintindex":0},"down":{"uv":[6.25,14.8125,6.4375,15.0],"rotation":0,"texture":"#0","tintindex":0}}},{"from":[6.6248684,-0.6035032,6.5714283],"to":[9.482012,7.9679255,9.428572],"rotation":{"angle":0.0,"axis":"y","origin":[19.913795,3.8358512,8.0]},"faces":{"east":{"uv":[4.375,10.8125,4.0625,11.75],"rotation":0,"texture":"#0","tintindex":0},"south":{"uv":[4.0625,10.8125,4.375,11.75],"rotation":0,"texture":"#0","tintindex":0},"north":{"uv":[2.5625,12.0625,2.25,13.0],"rotation":0,"texture":"#0","tintindex":0},"west":{"uv":[2.25,12.0625,2.5625,13.0],"rotation":0,"texture":"#0","tintindex":0},"up":{"uv":[0.6875,11.0,1.0,10.6875],"rotation":0,"texture":"#0","tintindex":0},"down":{"uv":[3.625,10.625,3.9375,10.9375],"rotation":0,"texture":"#0","tintindex":0}}},{"from":[8.48088,11.159291,6.0],"to":[14.195166,12.873577,10.0],"rotation":{"angle":45.0,"axis":"z","origin":[19.913795,3.8358512,8.0]},"faces":{"east":{"uv":[1.0,12.125,0.5625,12.3125],"rotation":0,"texture":"#0","tintindex":0},"south":{"uv":[5.8125,12.75,6.4375,12.9375],"rotation":0,"texture":"#0","tintindex":0},"north":{"uv":[6.4375,12.75,5.8125,12.9375],"rotation":0,"texture":"#0","tintindex":0},"west":{"uv":[1.6875,11.0,1.25,11.1875],"rotation":0,"texture":"#0","tintindex":0},"up":{"uv":[0.0,12.75,0.625,12.3125],"rotation":0,"texture":"#0","tintindex":0},"down":{"uv":[0.625,12.375,1.25,12.8125],"rotation":0,"texture":"#0","tintindex":0}}},{"from":[10.766594,9.445005,6.0],"to":[12.480881,11.159291,10.0],"rotation":{"angle":45.0,"axis":"z","origin":[19.913795,3.8358512,8.0]},"faces":{"east":{"uv":[6.625,10.3125,6.1875,10.5],"rotation":0,"texture":"#0","tintindex":0},"south":{"uv":[5.5625,14.8125,5.75,15.0],"rotation":0,"texture":"#0","tintindex":0},"north":{"uv":[5.75,14.8125,5.5625,15.0],"rotation":0,"texture":"#0","tintindex":0},"west":{"uv":[6.5625,13.8125,6.125,14.0],"rotation":0,"texture":"#0","tintindex":0},"up":{"uv":[4.75,14.6875,4.9375,14.25],"rotation":0,"texture":"#0","tintindex":0},"down":{"uv":[4.9375,14.25,5.125,14.6875],"rotation":0,"texture":"#0","tintindex":0}}},{"from":[9.9992285,13.269514,6.0],"to":[15.713514,14.983801,10.0],"rotation":{"angle":45.0,"axis":"z","origin":[19.913795,3.8358512,8.0]},"faces":{"east":{"uv":[1.0,12.125,0.5625,12.3125],"rotation":0,"texture":"#0","tintindex":0},"south":{"uv":[5.8125,12.75,6.4375,12.9375],"rotation":0,"texture":"#0","tintindex":0},"north":{"uv":[6.4375,12.75,5.8125,12.9375],"rotation":0,"texture":"#0","tintindex":0},"west":{"uv":[1.6875,11.0,1.25,11.1875],"rotation":0,"texture":"#0","tintindex":0},"up":{"uv":[0.0,12.75,0.625,12.3125],"rotation":0,"texture":"#0","tintindex":0},"down":{"uv":[0.625,12.375,1.25,12.8125],"rotation":0,"texture":"#0","tintindex":0}}},{"from":[9.279657,7.645674,5.9994287],"to":[12.137943,9.361103,10.000571],"rotation":{"angle":22.5,"axis":"z","origin":[10.7088,8.503388,8.0]},"faces":{"east":{"uv":[6.6875,13.3125,6.25,13.5],"rotation":0,"texture":"#0","tintindex":0},"south":{"uv":[3.25,13.4375,3.5625,13.625],"rotation":0,"texture":"#0","tintindex":0},"north":{"uv":[3.5625,13.4375,3.25,13.625],"rotation":0,"texture":"#0","tintindex":0},"west":{"uv":[6.6875,13.125,6.25,13.3125],"rotation":0,"texture":"#0","tintindex":0},"up":{"uv":[5.875,9.1875,6.1875,8.75],"rotation":0,"texture":"#0","tintindex":0},"down":{"uv":[5.875,9.1875,6.1875,9.625],"rotation":0,"texture":"#0","tintindex":0}}}],"display":{"head":{"translation":[0.0,-6.4,0.0],"scale":[4.0,4.0,4.0]}}}