{"textures":{"0":"item/mobs/zaku/zaku"},"elements":[{"from":[4.0,6.5714283,5.714286],"to":[8.571428,10.571428,10.285714],"rotation":{"angle":0.0,"axis":"y","origin":[14.857143,-2.285715,7.714286]},"faces":{"east":{"uv":[5.0,9.3125,5.5,9.75],"rotation":0,"texture":"#0","tintindex":0},"south":{"uv":[5.5,8.875,5.0,9.3125],"rotation":0,"texture":"#0","tintindex":0},"north":{"uv":[5.0,8.875,5.5,9.3125],"rotation":0,"texture":"#0","tintindex":0},"west":{"uv":[2.125,13.0,2.625,13.4375],"rotation":0,"texture":"#0","tintindex":0},"up":{"uv":[4.9375,8.9375,4.4375,8.4375],"rotation":0,"texture":"#0","tintindex":0},"down":{"uv":[5.0,8.9375,4.5,9.4375],"rotation":0,"texture":"#0","tintindex":0}}},{"from":[4.5714283,1.9999995,6.285714],"to":[8.0,6.5714283,9.714286],"rotation":{"angle":0.0,"axis":"y","origin":[14.857143,-2.285715,7.714286]},"faces":{"east":{"uv":[1.0,13.25,1.375,13.75],"rotation":0,"texture":"#0","tintindex":0},"south":{"uv":[1.375,13.25,1.0,13.75],"rotation":0,"texture":"#0","tintindex":0},"north":{"uv":[0.0,13.25,0.375,13.75],"rotation":0,"texture":"#0","tintindex":0},"west":{"uv":[0.375,13.25,0.0,13.75],"rotation":0,"texture":"#0","tintindex":0},"up":{"uv":[2.25,12.75,1.875,12.375],"rotation":0,"texture":"#0","tintindex":0},"down":{"uv":[4.875,10.4375,4.5,10.8125],"rotation":0,"texture":"#0","tintindex":0}}},{"from":[5.390503,-0.2857151,7.1618],"to":[7.104789,2.5714283,8.876085],"rotation":{"angle":0.0,"axis":"y","origin":[-5.61271,-3.8463612,8.018943]},"faces":{"east":{"uv":[5.375,14.5625,5.5625,14.875],"rotation":0,"texture":"#0","tintindex":0},"south":{"uv":[5.5625,14.5625,5.375,14.875],"rotation":0,"texture":"#0","tintindex":0},"north":{"uv":[4.4375,14.5625,4.25,14.875],"rotation":0,"texture":"#0","tintindex":0},"west":{"uv":[4.25,14.5625,4.4375,14.875],"rotation":0,"texture":"#0","tintindex":0},"up":{"uv":[7.0,14.125,6.8125,13.9375],"rotation":0,"texture":"#0","tintindex":0},"down":{"uv":[6.4375,14.8125,6.25,15.0],"rotation":0,"texture":"#0","tintindex":0}}}],"display":{"head":{"translation":[0.0,-6.4,0.0],"scale":[4.0,4.0,4.0]}}}