{"textures":{"0":"item/mobs/zaku/zaku"},"elements":[{"from":[7.089417,-2.8892174,7.142857],"to":[8.803703,-0.03207493,8.857143],"rotation":{"angle":0.0,"axis":"y","origin":[-3.9137945,3.8358512,8.0]},"faces":{"east":{"uv":[5.375,14.5625,5.5625,14.875],"rotation":0,"texture":"#0","tintindex":0},"south":{"uv":[5.5625,14.5625,5.375,14.875],"rotation":0,"texture":"#0","tintindex":0},"north":{"uv":[4.4375,14.5625,4.25,14.875],"rotation":0,"texture":"#0","tintindex":0},"west":{"uv":[4.25,14.5625,4.4375,14.875],"rotation":0,"texture":"#0","tintindex":0},"up":{"uv":[7.0,14.125,6.8125,13.9375],"rotation":0,"texture":"#0","tintindex":0},"down":{"uv":[6.4375,14.8125,6.25,15.0],"rotation":0,"texture":"#0","tintindex":0}}},{"from":[6.5179887,-0.6035032,6.5714283],"to":[9.375132,7.9679255,9.428572],"rotation":{"angle":0.0,"axis":"y","origin":[-3.9137945,3.8358512,8.0]},"faces":{"east":{"uv":[2.5625,12.0625,2.25,13.0],"rotation":0,"texture":"#0","tintindex":0},"south":{"uv":[4.375,10.8125,4.0625,11.75],"rotation":0,"texture":"#0","tintindex":0},"north":{"uv":[2.25,12.0625,2.5625,13.0],"rotation":0,"texture":"#0","tintindex":0},"west":{"uv":[4.0625,10.8125,4.375,11.75],"rotation":0,"texture":"#0","tintindex":0},"up":{"uv":[1.0,11.0,0.6875,10.6875],"rotation":0,"texture":"#0","tintindex":0},"down":{"uv":[3.9375,10.625,3.625,10.9375],"rotation":0,"texture":"#0","tintindex":0}}},{"from":[1.8048339,11.159291,6.0],"to":[7.51912,12.873577,10.0],"rotation":{"angle":-45.0,"axis":"z","origin":[-3.9137945,3.8358512,8.0]},"faces":{"east":{"uv":[1.25,11.0,1.6875,11.1875],"rotation":0,"texture":"#0","tintindex":0},"south":{"uv":[6.4375,12.75,5.8125,12.9375],"rotation":0,"texture":"#0","tintindex":0},"north":{"uv":[5.8125,12.75,6.4375,12.9375],"rotation":0,"texture":"#0","tintindex":0},"west":{"uv":[0.5625,12.125,1.0,12.3125],"rotation":0,"texture":"#0","tintindex":0},"up":{"uv":[0.625,12.75,0.0,12.3125],"rotation":0,"texture":"#0","tintindex":0},"down":{"uv":[1.25,12.375,0.625,12.8125],"rotation":0,"texture":"#0","tintindex":0}}},{"from":[3.5191197,9.445005,6.0],"to":[5.2334056,11.159291,10.0],"rotation":{"angle":-45.0,"axis":"z","origin":[-3.9137945,3.8358512,8.0]},"faces":{"east":{"uv":[6.125,13.8125,6.5625,14.0],"rotation":0,"texture":"#0","tintindex":0},"south":{"uv":[5.75,14.8125,5.5625,15.0],"rotation":0,"texture":"#0","tintindex":0},"north":{"uv":[5.5625,14.8125,5.75,15.0],"rotation":0,"texture":"#0","tintindex":0},"west":{"uv":[6.1875,10.3125,6.625,10.5],"rotation":0,"texture":"#0","tintindex":0},"up":{"uv":[4.9375,14.6875,4.75,14.25],"rotation":0,"texture":"#0","tintindex":0},"down":{"uv":[5.125,14.25,4.9375,14.6875],"rotation":0,"texture":"#0","tintindex":0}}},{"from":[0.28648567,13.269514,6.0],"to":[6.0007715,14.983801,10.0],"rotation":{"angle":-45.0,"axis":"z","origin":[-3.9137945,3.8358512,8.0]},"faces":{"east":{"uv":[1.25,11.0,1.6875,11.1875],"rotation":0,"texture":"#0","tintindex":0},"south":{"uv":[6.4375,12.75,5.8125,12.9375],"rotation":0,"texture":"#0","tintindex":0},"north":{"uv":[5.8125,12.75,6.4375,12.9375],"rotation":0,"texture":"#0","tintindex":0},"west":{"uv":[0.5625,12.125,1.0,12.3125],"rotation":0,"texture":"#0","tintindex":0},"up":{"uv":[0.625,12.75,0.0,12.3125],"rotation":0,"texture":"#0","tintindex":0},"down":{"uv":[1.25,12.375,0.625,12.8125],"rotation":0,"texture":"#0","tintindex":0}}},{"from":[3.8620572,7.645674,5.9994287],"to":[6.7203426,9.361103,10.000571],"rotation":{"angle":-22.5,"axis":"z","origin":[5.2911997,8.503388,8.0]},"faces":{"east":{"uv":[6.25,13.125,6.6875,13.3125],"rotation":0,"texture":"#0","tintindex":0},"south":{"uv":[3.5625,13.4375,3.25,13.625],"rotation":0,"texture":"#0","tintindex":0},"north":{"uv":[3.25,13.4375,3.5625,13.625],"rotation":0,"texture":"#0","tintindex":0},"west":{"uv":[6.25,13.3125,6.6875,13.5],"rotation":0,"texture":"#0","tintindex":0},"up":{"uv":[6.1875,9.1875,5.875,8.75],"rotation":0,"texture":"#0","tintindex":0},"down":{"uv":[6.1875,9.1875,5.875,9.625],"rotation":0,"texture":"#0","tintindex":0}}}],"display":{"head":{"translation":[0.0,-6.4,0.0],"scale":[4.0,4.0,4.0]}}}