{"textures":{"0":"item/mobs/kindletron2/kindletron2"},"elements":[{"from":[7.714286,5.428571,7.142857],"to":[9.428572,8.857143,8.857143],"rotation":{"angle":0.0,"axis":"y","origin":[29.428572,12.285715,20.285715]},"faces":{"east":{"uv":[8.5,11.5,8.6875,11.875],"rotation":0,"texture":"#0","tintindex":0},"south":{"uv":[11.5,8.625,11.6875,9.0],"rotation":0,"texture":"#0","tintindex":0},"north":{"uv":[8.3125,11.5,8.5,11.875],"rotation":0,"texture":"#0","tintindex":0},"west":{"uv":[11.5,9.5,11.6875,9.875],"rotation":0,"texture":"#0","tintindex":0},"up":{"uv":[4.875,11.75,4.6875,11.5625],"rotation":0,"texture":"#0","tintindex":0},"down":{"uv":[5.0625,11.5625,4.875,11.75],"rotation":0,"texture":"#0","tintindex":0}}},{"from":[7.714286,4.285714,7.428571],"to":[13.428572,6.0,8.571428],"rotation":{"angle":-22.5,"axis":"z","origin":[9.142858,5.142857,8.0]},"faces":{"east":{"uv":[10.75,4.6875,10.875,4.875],"rotation":0,"texture":"#0","tintindex":0},"south":{"uv":[11.125,3.5625,11.75,3.75],"rotation":0,"texture":"#0","tintindex":0},"north":{"uv":[11.0,6.9375,11.625,7.125],"rotation":0,"texture":"#0","tintindex":0},"west":{"uv":[10.875,5.4375,11.0,5.625],"rotation":0,"texture":"#0","tintindex":0},"up":{"uv":[9.9375,5.0,9.3125,4.875],"rotation":0,"texture":"#0","tintindex":0},"down":{"uv":[12.0,1.6875,11.375,1.8125],"rotation":0,"texture":"#0","tintindex":0}}}],"display":{"head":{"translation":[0.0,-6.4,0.0],"scale":[4.0,4.0,4.0]}}}