{"textures":{"0":"item/mobs/kindletron2/kindletron2"},"elements":[{"from":[7.714286,5.428571,7.142857],"to":[9.428572,8.857143,8.857143],"rotation":{"angle":0.0,"axis":"y","origin":[29.428572,12.285715,-4.285715]},"faces":{"east":{"uv":[11.5,7.5,11.6875,7.875],"rotation":0,"texture":"#0","tintindex":0},"south":{"uv":[11.5,7.875,11.6875,8.25],"rotation":0,"texture":"#0","tintindex":0},"north":{"uv":[11.5,7.125,11.6875,7.5],"rotation":0,"texture":"#0","tintindex":0},"west":{"uv":[11.5,8.25,11.6875,8.625],"rotation":0,"texture":"#0","tintindex":0},"up":{"uv":[4.5,11.75,4.3125,11.5625],"rotation":0,"texture":"#0","tintindex":0},"down":{"uv":[4.6875,11.5625,4.5,11.75],"rotation":0,"texture":"#0","tintindex":0}}},{"from":[7.714286,4.285714,7.428571],"to":[13.428572,6.0,8.571428],"rotation":{"angle":-22.5,"axis":"z","origin":[9.142858,5.142857,8.0]},"faces":{"east":{"uv":[9.0,2.0625,9.125,2.25],"rotation":0,"texture":"#0","tintindex":0},"south":{"uv":[3.0,7.75,3.625,7.9375],"rotation":0,"texture":"#0","tintindex":0},"north":{"uv":[1.5,5.5,2.125,5.6875],"rotation":0,"texture":"#0","tintindex":0},"west":{"uv":[10.375,2.4375,10.5,2.625],"rotation":0,"texture":"#0","tintindex":0},"up":{"uv":[8.5625,4.4375,7.9375,4.3125],"rotation":0,"texture":"#0","tintindex":0},"down":{"uv":[9.5,3.875,8.875,4.0],"rotation":0,"texture":"#0","tintindex":0}}}],"display":{"head":{"translation":[0.0,-6.4,0.0],"scale":[4.0,4.0,4.0]}}}