{"textures":{"0":"item/mobs/kindletron2/kindletron2"},"elements":[{"from":[0.5714283,8.571428,-0.57142925],"to":[14.857143,11.428572,5.142857],"rotation":{"angle":0.0,"axis":"y","origin":[7.428571,-3.4285717,4.5714283]},"faces":{"east":{"uv":[10.5,3.5625,11.125,3.875],"rotation":0,"texture":"#0","tintindex":0},"south":{"uv":[7.9375,4.0,9.5,4.3125],"rotation":0,"texture":"#0","tintindex":0},"north":{"uv":[7.875,0.625,9.4375,0.9375],"rotation":0,"texture":"#0","tintindex":0},"west":{"uv":[10.625,5.125,11.25,5.4375],"rotation":0,"texture":"#0","tintindex":0},"up":{"uv":[8.3125,1.625,6.75,1.0],"rotation":0,"texture":"#0","tintindex":0},"down":{"uv":[7.125,7.5,5.5625,8.125],"rotation":0,"texture":"#0","tintindex":0}}},{"from":[2.2857141,7.428571,-2.285715],"to":[6.857143,12.571428,3.4285712],"rotation":{"angle":0.0,"axis":"y","origin":[7.428571,-3.4285717,4.5714283]},"faces":{"east":{"uv":[7.9375,6.9375,8.5625,7.5],"rotation":0,"texture":"#0","tintindex":0},"south":{"uv":[10.0,3.1875,10.5,3.75],"rotation":0,"texture":"#0","tintindex":0},"north":{"uv":[10.0,2.625,10.5,3.1875],"rotation":0,"texture":"#0","tintindex":0},"west":{"uv":[0.5625,9.25,1.1875,9.8125],"rotation":0,"texture":"#0","tintindex":0},"up":{"uv":[10.375,9.0,9.875,8.375],"rotation":0,"texture":"#0","tintindex":0},"down":{"uv":[9.5,9.875,9.0,10.5],"rotation":0,"texture":"#0","tintindex":0}}},{"from":[2.8571424,8.0,-2.8571434],"to":[6.285714,12.0,-2.285715],"rotation":{"angle":0.0,"axis":"y","origin":[7.428571,-3.4285717,4.5714283]},"faces":{"east":{"uv":[5.0,6.5625,5.0625,7.0],"rotation":0,"texture":"#0","tintindex":0},"south":{"uv":[10.875,1.9375,11.25,2.375],"rotation":0,"texture":"#0","tintindex":0},"north":{"uv":[8.0625,10.8125,8.4375,11.25],"rotation":0,"texture":"#0","tintindex":0},"west":{"uv":[6.875,5.375,6.9375,5.8125],"rotation":0,"texture":"#0","tintindex":0},"up":{"uv":[5.9375,7.5,5.5625,7.4375],"rotation":0,"texture":"#0","tintindex":0},"down":{"uv":[6.3125,7.4375,5.9375,7.5],"rotation":0,"texture":"#0","tintindex":0}}},{"from":[6.285714,6.285714,0.0],"to":[9.714286,10.285714,8.0],"rotation":{"angle":0.0,"axis":"y","origin":[7.428571,-3.4285717,4.5714283]},"faces":{"east":{"uv":[9.0625,7.375,9.9375,7.8125],"rotation":0,"texture":"#0","tintindex":0},"south":{"uv":[10.875,2.8125,11.25,3.25],"rotation":0,"texture":"#0","tintindex":0},"north":{"uv":[10.875,2.375,11.25,2.8125],"rotation":0,"texture":"#0","tintindex":0},"west":{"uv":[9.125,2.625,10.0,3.0625],"rotation":0,"texture":"#0","tintindex":0},"up":{"uv":[7.9375,10.375,7.5625,9.5],"rotation":0,"texture":"#0","tintindex":0},"down":{"uv":[2.25,9.6875,1.875,10.5625],"rotation":0,"texture":"#0","tintindex":0}}}],"display":{"head":{"translation":[0.0,-6.4,0.0],"scale":[4.0,4.0,4.0]}}}