{"textures":{"0":"item/mobs/kindletron2/kindletron2"},"elements":[{"from":[6.857143,4.5714283,5.285714],"to":[9.142858,8.571428,10.428572],"rotation":{"angle":0.0,"axis":"y","origin":[28.57143,9.142858,-6.1428576]},"faces":{"east":{"uv":[10.3125,4.25,10.875,4.6875],"rotation":0,"texture":"#0","tintindex":0},"south":{"uv":[5.5625,11.1875,5.8125,11.625],"rotation":0,"texture":"#0","tintindex":0},"north":{"uv":[7.625,11.125,7.875,11.5625],"rotation":0,"texture":"#0","tintindex":0},"west":{"uv":[10.375,0.9375,10.9375,1.375],"rotation":0,"texture":"#0","tintindex":0},"up":{"uv":[11.1875,8.25,10.9375,7.6875],"rotation":0,"texture":"#0","tintindex":0},"down":{"uv":[11.1875,8.9375,10.9375,9.5],"rotation":0,"texture":"#0","tintindex":0}}},{"from":[6.285714,4.5714283,5.285714],"to":[6.857143,6.857143,10.428572],"rotation":{"angle":0.0,"axis":"y","origin":[28.57143,9.142858,-6.1428576]},"faces":{"east":{"uv":[10.9375,9.5,11.5,9.75],"rotation":0,"texture":"#0","tintindex":0},"south":{"uv":[3.5625,6.375,3.625,6.625],"rotation":0,"texture":"#0","tintindex":0},"north":{"uv":[3.875,5.1875,3.9375,5.4375],"rotation":0,"texture":"#0","tintindex":0},"west":{"uv":[10.9375,9.75,11.5,10.0],"rotation":0,"texture":"#0","tintindex":0},"up":{"uv":[5.0625,6.0,5.0,5.4375],"rotation":0,"texture":"#0","tintindex":0},"down":{"uv":[5.0625,6.0,5.0,6.5625],"rotation":0,"texture":"#0","tintindex":0}}}],"display":{"head":{"translation":[0.0,-6.4,0.0],"scale":[4.0,4.0,4.0]}}}