{"textures":{"0":"item/mobs/kindletron2/kindletron2"},"elements":[{"from":[6.285714,-0.2857151,5.428571],"to":[9.714286,7.714286,10.571428],"rotation":{"angle":0.0,"axis":"y","origin":[28.0,-0.2857151,-6.000001]},"faces":{"east":{"uv":[0.5625,8.0,1.125,8.875],"rotation":0,"texture":"#0","tintindex":0},"south":{"uv":[9.6875,9.1875,10.0625,10.0625],"rotation":0,"texture":"#0","tintindex":0},"north":{"uv":[10.0625,9.1875,9.6875,10.0625],"rotation":0,"texture":"#0","tintindex":0},"west":{"uv":[5.5625,8.125,6.125,9.0],"rotation":0,"texture":"#0","tintindex":0},"up":{"uv":[3.25,11.3125,2.875,10.75],"rotation":0,"texture":"#0","tintindex":0},"down":{"uv":[4.0625,10.75,3.6875,11.3125],"rotation":0,"texture":"#0","tintindex":0}}},{"from":[6.857143,-2.0,6.5714283],"to":[9.142858,-0.2857151,9.428572],"rotation":{"angle":0.0,"axis":"y","origin":[28.0,-0.2857151,-6.000001]},"faces":{"east":{"uv":[2.125,5.5,2.4375,5.6875],"rotation":0,"texture":"#0","tintindex":0},"south":{"uv":[10.625,5.4375,10.875,5.625],"rotation":0,"texture":"#0","tintindex":0},"north":{"uv":[6.9375,9.3125,7.1875,9.5],"rotation":0,"texture":"#0","tintindex":0},"west":{"uv":[8.4375,9.0,8.75,9.1875],"rotation":0,"texture":"#0","tintindex":0},"up":{"uv":[11.75,4.0625,11.5,3.75],"rotation":0,"texture":"#0","tintindex":0},"down":{"uv":[5.5625,11.5,5.3125,11.8125],"rotation":0,"texture":"#0","tintindex":0}}}],"display":{"head":{"translation":[0.0,-6.4,0.0],"scale":[4.0,4.0,4.0]}}}