{"textures":{"0":"item/mobs/kindletron2/kindletron2"},"elements":[{"from":[8.571428,9.142858,0.0],"to":[13.142858,11.428572,4.0],"rotation":{"angle":-22.5,"axis":"x","origin":[0.28571415,6.285714,7.428571]},"faces":{"east":{"uv":[11.5625,4.875,11.125,5.125],"rotation":0,"texture":"#0","tintindex":0},"south":{"uv":[11.5,0.25,11.0,0.5],"rotation":0,"texture":"#0","tintindex":0},"north":{"uv":[11.25,10.9375,10.75,11.1875],"rotation":0,"texture":"#0","tintindex":0},"west":{"uv":[10.5625,7.125,10.125,7.375],"rotation":0,"texture":"#0","tintindex":0},"up":{"uv":[10.375,2.4375,10.875,2.0],"rotation":0,"texture":"#0","tintindex":0},"down":{"uv":[7.3125,10.375,7.8125,10.8125],"rotation":0,"texture":"#0","tintindex":0}}},{"from":[8.0,4.5714283,1.7142854],"to":[13.714286,10.857143,12.0],"rotation":{"angle":-22.5,"axis":"x","origin":[0.28571415,6.285714,7.428571]},"faces":{"east":{"uv":[3.0,7.75,1.875,8.4375],"rotation":0,"texture":"#0","tintindex":0},"south":{"uv":[9.3125,4.3125,8.6875,5.0],"rotation":0,"texture":"#0","tintindex":0},"north":{"uv":[8.9375,0.9375,8.3125,1.625],"rotation":0,"texture":"#0","tintindex":0},"west":{"uv":[8.6875,4.4375,7.5625,5.125],"rotation":0,"texture":"#0","tintindex":0},"up":{"uv":[3.6875,9.0625,4.3125,7.9375],"rotation":0,"texture":"#0","tintindex":0},"down":{"uv":[7.9375,5.125,8.5625,6.25],"rotation":0,"texture":"#0","tintindex":0}}}],"display":{"head":{"translation":[0.0,-6.4,0.0],"scale":[4.0,4.0,4.0]}}}