{"textures":{"0":"item/mobs/kindletron2/kindletron2"},"elements":[{"from":[4.5714283,1.7142854,5.714286],"to":[8.0,9.714286,10.857143],"rotation":{"angle":0.0,"axis":"y","origin":[26.285715,-7.4285717,-5.714287]},"faces":{"east":{"uv":[5.0,7.875,5.5625,8.75],"rotation":0,"texture":"#0","tintindex":0},"south":{"uv":[5.9375,9.6875,6.3125,10.5625],"rotation":0,"texture":"#0","tintindex":0},"north":{"uv":[2.25,9.6875,2.625,10.5625],"rotation":0,"texture":"#0","tintindex":0},"west":{"uv":[0.0,8.0,0.5625,8.875],"rotation":0,"texture":"#0","tintindex":0},"up":{"uv":[11.0,7.125,10.625,6.5625],"rotation":0,"texture":"#0","tintindex":0},"down":{"uv":[11.125,1.375,10.75,1.9375],"rotation":0,"texture":"#0","tintindex":0}}},{"from":[5.142857,-1.5714293,5.714286],"to":[7.428571,3.0,10.285714],"rotation":{"angle":-45.0,"axis":"x","origin":[6.285714,1.1428566,8.0]},"faces":{"east":{"uv":[10.125,6.625,10.625,7.125],"rotation":0,"texture":"#0","tintindex":0},"south":{"uv":[11.125,1.3125,11.375,1.8125],"rotation":0,"texture":"#0","tintindex":0},"north":{"uv":[9.1875,11.0625,9.4375,11.5625],"rotation":0,"texture":"#0","tintindex":0},"west":{"uv":[8.0625,10.3125,8.5625,10.8125],"rotation":0,"texture":"#0","tintindex":0},"up":{"uv":[1.875,11.625,1.625,11.125],"rotation":0,"texture":"#0","tintindex":0},"down":{"uv":[2.125,11.125,1.875,11.625],"rotation":0,"texture":"#0","tintindex":0}}}],"display":{"head":{"translation":[0.0,-6.4,0.0],"scale":[4.0,4.0,4.0]}}}