{"textures":{"0":"item/mobs/kindletron2/kindletron2"},"elements":[{"from":[6.0,2.8571424,8.0],"to":[9.428572,8.0,13.142858],"rotation":{"angle":0.0,"axis":"y","origin":[-2.8571434,7.428571,14.285715]},"faces":{"east":{"uv":[1.125,9.8125,0.5625,10.375],"rotation":0,"texture":"#0","tintindex":0},"south":{"uv":[10.875,2.4375,10.5,3.0],"rotation":0,"texture":"#0","tintindex":0},"north":{"uv":[10.75,8.375,10.375,8.9375],"rotation":0,"texture":"#0","tintindex":0},"west":{"uv":[9.0,9.75,8.4375,10.3125],"rotation":0,"texture":"#0","tintindex":0},"up":{"uv":[10.5,3.5625,10.875,3.0],"rotation":0,"texture":"#0","tintindex":0},"down":{"uv":[9.0,10.5,9.375,11.0625],"rotation":0,"texture":"#0","tintindex":0}}},{"from":[6.5714283,-0.57142925,8.0],"to":[8.857143,2.8571424,11.428572],"rotation":{"angle":0.0,"axis":"y","origin":[-2.8571434,7.428571,14.285715]},"faces":{"east":{"uv":[10.375,10.875,10.0,11.25],"rotation":0,"texture":"#0","tintindex":0},"south":{"uv":[11.5,5.4375,11.25,5.8125],"rotation":0,"texture":"#0","tintindex":0},"north":{"uv":[1.1875,11.25,0.9375,11.625],"rotation":0,"texture":"#0","tintindex":0},"west":{"uv":[10.0,10.875,9.625,11.25],"rotation":0,"texture":"#0","tintindex":0},"up":{"uv":[11.25,6.1875,11.5,5.8125],"rotation":0,"texture":"#0","tintindex":0},"down":{"uv":[11.25,6.1875,11.5,6.5625],"rotation":0,"texture":"#0","tintindex":0}}},{"from":[6.0,-1.7142859,5.714286],"to":[9.428572,1.7142854,10.857143],"rotation":{"angle":0.0,"axis":"y","origin":[-2.8571434,7.428571,14.285715]},"faces":{"east":{"uv":[11.0,5.625,10.4375,6.0],"rotation":0,"texture":"#0","tintindex":0},"south":{"uv":[10.75,10.875,10.375,11.25],"rotation":0,"texture":"#0","tintindex":0},"north":{"uv":[11.25,10.3125,10.875,10.6875],"rotation":0,"texture":"#0","tintindex":0},"west":{"uv":[11.0,0.25,10.4375,0.625],"rotation":0,"texture":"#0","tintindex":0},"up":{"uv":[10.5,10.875,10.875,10.3125],"rotation":0,"texture":"#0","tintindex":0},"down":{"uv":[1.625,10.5625,2.0,11.125],"rotation":0,"texture":"#0","tintindex":0}}},{"from":[6.857143,-4.000001,5.714286],"to":[8.571428,-1.7142859,8.0],"rotation":{"angle":0.0,"axis":"y","origin":[-2.8571434,7.428571,14.285715]},"faces":{"east":{"uv":[10.375,11.5,10.125,11.75],"rotation":0,"texture":"#0","tintindex":0},"south":{"uv":[8.75,7.8125,8.5625,8.0625],"rotation":0,"texture":"#0","tintindex":0},"north":{"uv":[8.75,6.0,8.5625,6.25],"rotation":0,"texture":"#0","tintindex":0},"west":{"uv":[10.125,11.5,9.875,11.75],"rotation":0,"texture":"#0","tintindex":0},"up":{"uv":[5.9375,9.25,6.125,9.0],"rotation":0,"texture":"#0","tintindex":0},"down":{"uv":[4.3125,10.125,4.5,10.375],"rotation":0,"texture":"#0","tintindex":0}}}],"display":{"head":{"translation":[0.0,-6.4,0.0],"scale":[4.0,4.0,4.0]}}}