{"textures":{"0":"item/mobs/kindletron2/kindletron2"},"elements":[{"from":[10.0,11.571428,7.714286],"to":[12.857143,14.428572,10.571428],"rotation":{"angle":22.5,"axis":"x","origin":[10.857143,10.857143,9.714286]},"faces":{"east":{"uv":[8.75,6.625,9.0625,6.9375],"rotation":0,"texture":"#0","tintindex":0},"south":{"uv":[11.1875,7.125,11.5,7.4375],"rotation":0,"texture":"#0","tintindex":0},"north":{"uv":[6.5625,7.1875,6.875,7.5],"rotation":0,"texture":"#0","tintindex":0},"west":{"uv":[11.1875,7.4375,11.5,7.75],"rotation":0,"texture":"#0","tintindex":0},"up":{"uv":[11.5,8.0625,11.1875,7.75],"rotation":0,"texture":"#0","tintindex":0},"down":{"uv":[11.5,8.0625,11.1875,8.375],"rotation":0,"texture":"#0","tintindex":0}}},{"from":[4.8571424,12.714286,6.5714283],"to":[12.285715,17.285715,12.857143],"rotation":{"angle":0.0,"axis":"y","origin":[8.285714,2.4285712,-2.5714293]},"faces":{"east":{"uv":[9.4375,6.125,10.125,6.625],"rotation":0,"texture":"#0","tintindex":0},"south":{"uv":[2.875,9.0625,3.6875,9.5625],"rotation":0,"texture":"#0","tintindex":0},"north":{"uv":[7.25,9.0,8.0625,9.5],"rotation":0,"texture":"#0","tintindex":0},"west":{"uv":[2.875,9.5625,3.5625,10.0625],"rotation":0,"texture":"#0","tintindex":0},"up":{"uv":[3.625,6.375,2.8125,5.6875],"rotation":0,"texture":"#0","tintindex":0},"down":{"uv":[8.75,6.25,7.9375,6.9375],"rotation":0,"texture":"#0","tintindex":0}}},{"from":[3.7142854,11.571428,7.714286],"to":[6.5714283,14.428572,10.571428],"rotation":{"angle":22.5,"axis":"x","origin":[5.714286,10.857143,9.714286]},"faces":{"east":{"uv":[8.4375,11.1875,8.75,11.5],"rotation":0,"texture":"#0","tintindex":0},"south":{"uv":[11.1875,8.9375,11.5,9.25],"rotation":0,"texture":"#0","tintindex":0},"north":{"uv":[11.1875,8.375,11.5,8.6875],"rotation":0,"texture":"#0","tintindex":0},"west":{"uv":[10.75,11.1875,11.0625,11.5],"rotation":0,"texture":"#0","tintindex":0},"up":{"uv":[11.375,11.5,11.0625,11.1875],"rotation":0,"texture":"#0","tintindex":0},"down":{"uv":[11.5625,1.8125,11.25,2.125],"rotation":0,"texture":"#0","tintindex":0}}},{"from":[4.0,7.5714283,8.0],"to":[6.285714,11.571428,10.285714],"rotation":{"angle":22.5,"axis":"x","origin":[5.714286,10.857143,9.714286]},"faces":{"east":{"uv":[4.3125,11.125,4.5625,11.5625],"rotation":0,"texture":"#0","tintindex":0},"south":{"uv":[4.5625,11.125,4.8125,11.5625],"rotation":0,"texture":"#0","tintindex":0},"north":{"uv":[2.125,11.125,2.375,11.5625],"rotation":0,"texture":"#0","tintindex":0},"west":{"uv":[4.8125,11.125,5.0625,11.5625],"rotation":0,"texture":"#0","tintindex":0},"up":{"uv":[3.875,5.4375,3.625,5.1875],"rotation":0,"texture":"#0","tintindex":0},"down":{"uv":[8.875,3.125,8.625,3.375],"rotation":0,"texture":"#0","tintindex":0}}},{"from":[1.7142854,6.428571,7.714286],"to":[6.285714,9.285714,10.571428],"rotation":{"angle":-22.5,"axis":"x","origin":[8.285714,6.428571,8.285714]},"faces":{"east":{"uv":[11.25,2.125,11.5625,2.4375],"rotation":0,"texture":"#0","tintindex":0},"south":{"uv":[10.875,4.25,11.375,4.5625],"rotation":0,"texture":"#0","tintindex":0},"north":{"uv":[10.875,3.25,11.375,3.5625],"rotation":0,"texture":"#0","tintindex":0},"west":{"uv":[11.25,2.4375,11.5625,2.75],"rotation":0,"texture":"#0","tintindex":0},"up":{"uv":[11.375,4.875,10.875,4.5625],"rotation":0,"texture":"#0","tintindex":0},"down":{"uv":[8.9375,10.875,8.4375,11.1875],"rotation":0,"texture":"#0","tintindex":0}}},{"from":[10.285714,6.428571,7.714286],"to":[14.857143,9.285714,10.571428],"rotation":{"angle":-22.5,"axis":"x","origin":[8.285714,6.428571,8.285714]},"faces":{"east":{"uv":[11.5625,2.4375,11.25,2.75],"rotation":0,"texture":"#0","tintindex":0},"south":{"uv":[11.375,4.25,10.875,4.5625],"rotation":0,"texture":"#0","tintindex":0},"north":{"uv":[11.375,3.25,10.875,3.5625],"rotation":0,"texture":"#0","tintindex":0},"west":{"uv":[11.5625,2.125,11.25,2.4375],"rotation":0,"texture":"#0","tintindex":0},"up":{"uv":[10.875,4.875,11.375,4.5625],"rotation":0,"texture":"#0","tintindex":0},"down":{"uv":[8.4375,10.875,8.9375,11.1875],"rotation":0,"texture":"#0","tintindex":0}}},{"from":[6.857143,4.714286,7.142857],"to":[9.714286,11.0,10.0],"rotation":{"angle":-22.5,"axis":"x","origin":[8.285714,6.428571,8.285714]},"faces":{"east":{"uv":[3.25,10.0625,3.5625,10.75],"rotation":0,"texture":"#0","tintindex":0},"south":{"uv":[4.3125,10.4375,4.625,11.125],"rotation":0,"texture":"#0","tintindex":0},"north":{"uv":[3.625,4.5,3.9375,5.1875],"rotation":0,"texture":"#0","tintindex":0},"west":{"uv":[4.625,10.4375,4.9375,11.125],"rotation":0,"texture":"#0","tintindex":0},"up":{"uv":[11.5625,3.0625,11.25,2.75],"rotation":0,"texture":"#0","tintindex":0},"down":{"uv":[11.5625,5.125,11.25,5.4375],"rotation":0,"texture":"#0","tintindex":0}}},{"from":[6.285714,5.285714,6.5714283],"to":[10.285714,10.428572,10.571428],"rotation":{"angle":-22.5,"axis":"x","origin":[8.285714,6.428571,8.285714]},"faces":{"east":{"uv":[9.625,10.3125,10.0625,10.875],"rotation":0,"texture":"#0","tintindex":0},"south":{"uv":[10.0625,10.3125,10.5,10.875],"rotation":0,"texture":"#0","tintindex":0},"north":{"uv":[8.5625,10.3125,9.0,10.875],"rotation":0,"texture":"#0","tintindex":0},"west":{"uv":[0.5625,10.375,1.0,10.9375],"rotation":0,"texture":"#0","tintindex":0},"up":{"uv":[11.1875,8.6875,10.75,8.25],"rotation":0,"texture":"#0","tintindex":0},"down":{"uv":[7.375,10.8125,6.9375,11.25],"rotation":0,"texture":"#0","tintindex":0}}},{"from":[10.285714,7.5714283,8.0],"to":[12.571428,11.571428,10.285714],"rotation":{"angle":22.5,"axis":"x","origin":[10.857143,10.857143,9.714286]},"faces":{"east":{"uv":[6.1875,11.125,6.4375,11.5625],"rotation":0,"texture":"#0","tintindex":0},"south":{"uv":[6.4375,11.125,6.6875,11.5625],"rotation":0,"texture":"#0","tintindex":0},"north":{"uv":[5.9375,11.125,6.1875,11.5625],"rotation":0,"texture":"#0","tintindex":0},"west":{"uv":[7.375,11.125,7.625,11.5625],"rotation":0,"texture":"#0","tintindex":0},"up":{"uv":[11.6875,10.9375,11.4375,10.6875],"rotation":0,"texture":"#0","tintindex":0},"down":{"uv":[11.75,9.0,11.5,9.25],"rotation":0,"texture":"#0","tintindex":0}}}],"display":{"head":{"translation":[0.0,-6.4,0.0],"scale":[4.0,4.0,4.0]}}}