{"textures":{"0":"item/mobs/kindletron2/kindletron2"},"elements":[{"from":[6.5714283,2.8571424,8.0],"to":[10.0,8.0,13.142858],"rotation":{"angle":0.0,"axis":"y","origin":[18.857143,7.428571,14.285715]},"faces":{"east":{"uv":[8.4375,9.75,9.0,10.3125],"rotation":0,"texture":"#0","tintindex":0},"south":{"uv":[10.5,2.4375,10.875,3.0],"rotation":0,"texture":"#0","tintindex":0},"north":{"uv":[10.375,8.375,10.75,8.9375],"rotation":0,"texture":"#0","tintindex":0},"west":{"uv":[0.5625,9.8125,1.125,10.375],"rotation":0,"texture":"#0","tintindex":0},"up":{"uv":[10.875,3.5625,10.5,3.0],"rotation":0,"texture":"#0","tintindex":0},"down":{"uv":[9.375,10.5,9.0,11.0625],"rotation":0,"texture":"#0","tintindex":0}}},{"from":[7.142857,-0.57142925,8.0],"to":[9.428572,2.8571424,11.428572],"rotation":{"angle":0.0,"axis":"y","origin":[18.857143,7.428571,14.285715]},"faces":{"east":{"uv":[9.625,10.875,10.0,11.25],"rotation":0,"texture":"#0","tintindex":0},"south":{"uv":[11.25,5.4375,11.5,5.8125],"rotation":0,"texture":"#0","tintindex":0},"north":{"uv":[0.9375,11.25,1.1875,11.625],"rotation":0,"texture":"#0","tintindex":0},"west":{"uv":[10.0,10.875,10.375,11.25],"rotation":0,"texture":"#0","tintindex":0},"up":{"uv":[11.5,6.1875,11.25,5.8125],"rotation":0,"texture":"#0","tintindex":0},"down":{"uv":[11.5,6.1875,11.25,6.5625],"rotation":0,"texture":"#0","tintindex":0}}},{"from":[6.5714283,-1.7142859,5.714286],"to":[10.0,1.7142854,10.857143],"rotation":{"angle":0.0,"axis":"y","origin":[18.857143,7.428571,14.285715]},"faces":{"east":{"uv":[10.4375,0.25,11.0,0.625],"rotation":0,"texture":"#0","tintindex":0},"south":{"uv":[10.375,10.875,10.75,11.25],"rotation":0,"texture":"#0","tintindex":0},"north":{"uv":[10.875,10.3125,11.25,10.6875],"rotation":0,"texture":"#0","tintindex":0},"west":{"uv":[10.4375,5.625,11.0,6.0],"rotation":0,"texture":"#0","tintindex":0},"up":{"uv":[10.875,10.875,10.5,10.3125],"rotation":0,"texture":"#0","tintindex":0},"down":{"uv":[2.0,10.5625,1.625,11.125],"rotation":0,"texture":"#0","tintindex":0}}},{"from":[7.428571,-4.000001,5.714286],"to":[9.142858,-1.7142859,8.0],"rotation":{"angle":0.0,"axis":"y","origin":[18.857143,7.428571,14.285715]},"faces":{"east":{"uv":[9.875,11.5,10.125,11.75],"rotation":0,"texture":"#0","tintindex":0},"south":{"uv":[8.5625,7.8125,8.75,8.0625],"rotation":0,"texture":"#0","tintindex":0},"north":{"uv":[8.5625,6.0,8.75,6.25],"rotation":0,"texture":"#0","tintindex":0},"west":{"uv":[10.125,11.5,10.375,11.75],"rotation":0,"texture":"#0","tintindex":0},"up":{"uv":[6.125,9.25,5.9375,9.0],"rotation":0,"texture":"#0","tintindex":0},"down":{"uv":[4.5,10.125,4.3125,10.375],"rotation":0,"texture":"#0","tintindex":0}}}],"display":{"head":{"translation":[0.0,-6.4,0.0],"scale":[4.0,4.0,4.0]}}}