{"textures":{"0":"item/mobs/kindletron2/kindletron2"},"elements":[{"from":[2.8571424,9.142858,0.0],"to":[7.428571,11.428572,4.0],"rotation":{"angle":-22.5,"axis":"x","origin":[15.714286,6.285714,7.428571]},"faces":{"east":{"uv":[10.125,7.125,10.5625,7.375],"rotation":0,"texture":"#0","tintindex":0},"south":{"uv":[11.0,0.25,11.5,0.5],"rotation":0,"texture":"#0","tintindex":0},"north":{"uv":[10.75,10.9375,11.25,11.1875],"rotation":0,"texture":"#0","tintindex":0},"west":{"uv":[11.125,4.875,11.5625,5.125],"rotation":0,"texture":"#0","tintindex":0},"up":{"uv":[10.875,2.4375,10.375,2.0],"rotation":0,"texture":"#0","tintindex":0},"down":{"uv":[7.8125,10.375,7.3125,10.8125],"rotation":0,"texture":"#0","tintindex":0}}},{"from":[2.2857141,4.5714283,1.7142854],"to":[8.0,10.857143,12.0],"rotation":{"angle":-22.5,"axis":"x","origin":[15.714286,6.285714,7.428571]},"faces":{"east":{"uv":[7.5625,4.4375,8.6875,5.125],"rotation":0,"texture":"#0","tintindex":0},"south":{"uv":[8.6875,4.3125,9.3125,5.0],"rotation":0,"texture":"#0","tintindex":0},"north":{"uv":[8.3125,0.9375,8.9375,1.625],"rotation":0,"texture":"#0","tintindex":0},"west":{"uv":[1.875,7.75,3.0,8.4375],"rotation":0,"texture":"#0","tintindex":0},"up":{"uv":[4.3125,9.0625,3.6875,7.9375],"rotation":0,"texture":"#0","tintindex":0},"down":{"uv":[8.5625,5.125,7.9375,6.25],"rotation":0,"texture":"#0","tintindex":0}}}],"display":{"head":{"translation":[0.0,-6.4,0.0],"scale":[4.0,4.0,4.0]}}}