{"textures":{"0":"item/mobs/kindletron2/kindletron2"},"elements":[{"from":[8.654717,-1.6749315,4.4454246],"to":[10.940432,2.8964972,9.016853],"rotation":{"angle":-45.0,"axis":"x","origin":[9.797575,1.1822114,7.3025675]},"faces":{"east":{"uv":[10.125,5.125,10.625,5.625],"rotation":0,"texture":"#0","tintindex":0},"south":{"uv":[11.0,5.9375,11.25,6.4375],"rotation":0,"texture":"#0","tintindex":0},"north":{"uv":[11.0,5.4375,11.25,5.9375],"rotation":0,"texture":"#0","tintindex":0},"west":{"uv":[10.125,6.125,10.625,6.625],"rotation":0,"texture":"#0","tintindex":0},"up":{"uv":[11.25,6.9375,11.0,6.4375],"rotation":0,"texture":"#0","tintindex":0},"down":{"uv":[9.1875,11.0625,8.9375,11.5625],"rotation":0,"texture":"#0","tintindex":0}}},{"from":[11.51186,5.1822114,4.4454246],"to":[12.654718,10.896498,10.731139],"rotation":{"angle":0.0,"axis":"y","origin":[-7.916712,-10.817789,-5.268862]},"faces":{"east":{"uv":[8.75,6.0,9.4375,6.625],"rotation":0,"texture":"#0","tintindex":0},"south":{"uv":[4.5,8.625,4.625,9.25],"rotation":0,"texture":"#0","tintindex":0},"north":{"uv":[2.875,8.4375,3.0,9.0625],"rotation":0,"texture":"#0","tintindex":0},"west":{"uv":[8.75,7.8125,9.4375,8.4375],"rotation":0,"texture":"#0","tintindex":0},"up":{"uv":[3.625,7.3125,3.5,6.625],"rotation":0,"texture":"#0","tintindex":0},"down":{"uv":[4.625,7.9375,4.5,8.625],"rotation":0,"texture":"#0","tintindex":0}}},{"from":[8.083289,1.1822114,4.4454246],"to":[11.51186,11.467926,10.731139],"rotation":{"angle":0.0,"axis":"y","origin":[-7.916712,-10.817789,-5.268862]},"faces":{"east":{"uv":[7.9375,2.25,8.625,3.375],"rotation":0,"texture":"#0","tintindex":0},"south":{"uv":[9.0,0.9375,9.375,2.0625],"rotation":0,"texture":"#0","tintindex":0},"north":{"uv":[5.0,8.75,5.375,9.875],"rotation":0,"texture":"#0","tintindex":0},"west":{"uv":[3.0,7.9375,3.6875,9.0625],"rotation":0,"texture":"#0","tintindex":0},"up":{"uv":[3.25,10.75,2.875,10.0625],"rotation":0,"texture":"#0","tintindex":0},"down":{"uv":[7.3125,10.0625,6.9375,10.75],"rotation":0,"texture":"#0","tintindex":0}}}],"display":{"head":{"translation":[0.0,-6.4,0.0],"scale":[4.0,4.0,4.0]}}}