{"textures":{"0":"item/mobs/kindletron2/kindletron2"},"elements":[{"from":[6.285714,2.4999995,5.142857],"to":[9.714286,7.642857,10.857143],"rotation":{"angle":0.0,"axis":"y","origin":[-9.714287,-3.2142859,-4.5714293]},"faces":{"east":{"uv":[9.4375,7.8125,10.0625,8.375],"rotation":0,"texture":"#0","tintindex":0},"south":{"uv":[10.625,6.0,11.0,6.5625],"rotation":0,"texture":"#0","tintindex":0},"north":{"uv":[10.5625,9.5,10.9375,10.0625],"rotation":0,"texture":"#0","tintindex":0},"west":{"uv":[6.9375,9.5,7.5625,10.0625],"rotation":0,"texture":"#0","tintindex":0},"up":{"uv":[4.0625,10.75,3.6875,10.125],"rotation":0,"texture":"#0","tintindex":0},"down":{"uv":[10.75,1.375,10.375,2.0],"rotation":0,"texture":"#0","tintindex":0}}},{"from":[9.142858,-12.928572,6.285714],"to":[10.857143,7.0714283,9.714286],"rotation":{"angle":0.0,"axis":"y","origin":[-9.714287,-3.2142859,-4.5714293]},"faces":{"east":{"uv":[4.625,5.4375,5.0,7.625],"rotation":0,"texture":"#0","tintindex":0},"south":{"uv":[5.375,8.75,5.5625,10.9375],"rotation":0,"texture":"#0","tintindex":0},"north":{"uv":[4.3125,7.9375,4.5,10.125],"rotation":0,"texture":"#0","tintindex":0},"west":{"uv":[7.5625,2.25,7.9375,4.4375],"rotation":0,"texture":"#0","tintindex":0},"up":{"uv":[11.6875,5.8125,11.5,5.4375],"rotation":0,"texture":"#0","tintindex":0},"down":{"uv":[11.6875,5.8125,11.5,6.1875],"rotation":0,"texture":"#0","tintindex":0}}},{"from":[5.142857,-12.928572,6.285714],"to":[6.857143,7.0714283,9.714286],"rotation":{"angle":0.0,"axis":"y","origin":[-9.714287,-3.2142859,-4.5714293]},"faces":{"east":{"uv":[4.625,7.625,5.0,9.8125],"rotation":0,"texture":"#0","tintindex":0},"south":{"uv":[5.75,9.0,5.9375,11.1875],"rotation":0,"texture":"#0","tintindex":0},"north":{"uv":[5.5625,9.0,5.75,11.1875],"rotation":0,"texture":"#0","tintindex":0},"west":{"uv":[1.5,7.75,1.875,9.9375],"rotation":0,"texture":"#0","tintindex":0},"up":{"uv":[11.6875,6.5625,11.5,6.1875],"rotation":0,"texture":"#0","tintindex":0},"down":{"uv":[11.6875,6.5625,11.5,6.9375],"rotation":0,"texture":"#0","tintindex":0}}},{"from":[4.5714283,-11.785715,6.857143],"to":[11.428572,-9.5,9.142858],"rotation":{"angle":0.0,"axis":"y","origin":[-9.714287,-3.2142859,-4.5714293]},"faces":{"east":{"uv":[10.375,11.5,10.625,11.75],"rotation":0,"texture":"#0","tintindex":0},"south":{"uv":[6.75,1.625,7.5,1.875],"rotation":0,"texture":"#0","tintindex":0},"north":{"uv":[2.8125,6.375,3.5625,6.625],"rotation":0,"texture":"#0","tintindex":0},"west":{"uv":[10.625,11.5,10.875,11.75],"rotation":0,"texture":"#0","tintindex":0},"up":{"uv":[11.375,10.3125,10.625,10.0625],"rotation":0,"texture":"#0","tintindex":0},"down":{"uv":[11.5,8.6875,10.75,8.9375],"rotation":0,"texture":"#0","tintindex":0}}}],"display":{"head":{"translation":[0.0,-6.4,0.0],"scale":[4.0,4.0,4.0]}}}