{"textures":{"0":"item/mobs/kindletron2/kindletron2"},"elements":[{"from":[1.2550001,10.413193,1.9765239],"to":[14.397858,18.984623,13.976524],"rotation":{"angle":0.0,"axis":"y","origin":[9.255,3.5560493,-1.4520473]},"faces":{"east":{"uv":[5.5625,5.375,6.875,6.3125],"rotation":0,"texture":"#0","tintindex":0},"south":{"uv":[2.5,3.5625,3.9375,4.5],"rotation":0,"texture":"#0","tintindex":0},"north":{"uv":[2.5,2.625,3.9375,3.5625],"rotation":0,"texture":"#0","tintindex":0},"west":{"uv":[1.5,5.6875,2.8125,6.625],"rotation":0,"texture":"#0","tintindex":0},"up":{"uv":[3.9375,1.3125,2.5,0.0],"rotation":0,"texture":"#0","tintindex":0},"down":{"uv":[3.9375,1.3125,2.5,2.625],"rotation":0,"texture":"#0","tintindex":0}}},{"from":[10.397858,8.698907,13.976524],"to":[14.969286,16.698908,18.547955],"rotation":{"angle":-22.5,"axis":"x","origin":[12.1121435,12.698908,16.26224]},"faces":{"east":{"uv":[7.75,8.125,8.25,9.0],"rotation":0,"texture":"#0","tintindex":0},"south":{"uv":[8.25,8.125,8.75,9.0],"rotation":0,"texture":"#0","tintindex":0},"north":{"uv":[7.25,8.125,7.75,9.0],"rotation":0,"texture":"#0","tintindex":0},"west":{"uv":[1.875,8.4375,2.375,9.3125],"rotation":0,"texture":"#0","tintindex":0},"up":{"uv":[10.5625,7.875,10.0625,7.375],"rotation":0,"texture":"#0","tintindex":0},"down":{"uv":[10.5625,7.875,10.0625,8.375],"rotation":0,"texture":"#0","tintindex":0}}},{"from":[0.6835718,8.698907,13.976524],"to":[5.255,16.698908,18.547955],"rotation":{"angle":-22.5,"axis":"x","origin":[3.5407147,12.698908,16.26224]},"faces":{"east":{"uv":[8.5625,5.125,9.0625,6.0],"rotation":0,"texture":"#0","tintindex":0},"south":{"uv":[8.5625,6.9375,9.0625,7.8125],"rotation":0,"texture":"#0","tintindex":0},"north":{"uv":[2.375,8.4375,2.875,9.3125],"rotation":0,"texture":"#0","tintindex":0},"west":{"uv":[8.625,2.25,9.125,3.125],"rotation":0,"texture":"#0","tintindex":0},"up":{"uv":[10.5625,9.5,10.0625,9.0],"rotation":0,"texture":"#0","tintindex":0},"down":{"uv":[10.5625,9.5,10.0625,10.0],"rotation":0,"texture":"#0","tintindex":0}}},{"from":[6.969286,12.127479,3.1193814],"to":[8.683572,20.12748,15.69081],"rotation":{"angle":0.0,"axis":"y","origin":[9.255,3.5560493,-1.4520473]},"faces":{"east":{"uv":[5.375,1.0,6.75,1.875],"rotation":0,"texture":"#0","tintindex":0},"south":{"uv":[2.375,10.5625,2.5625,11.4375],"rotation":0,"texture":"#0","tintindex":0},"north":{"uv":[1.0,10.375,1.1875,11.25],"rotation":0,"texture":"#0","tintindex":0},"west":{"uv":[5.5625,6.3125,6.9375,7.1875],"rotation":0,"texture":"#0","tintindex":0},"up":{"uv":[0.5625,11.3125,0.375,9.9375],"rotation":0,"texture":"#0","tintindex":0},"down":{"uv":[1.625,9.9375,1.4375,11.3125],"rotation":0,"texture":"#0","tintindex":0}}},{"from":[1.2550001,10.413193,13.976524],"to":[14.397858,12.127479,15.69081],"rotation":{"angle":0.0,"axis":"y","origin":[9.255,3.5560493,-1.4520473]},"faces":{"east":{"uv":[9.875,9.0,10.0625,9.1875],"rotation":0,"texture":"#0","tintindex":0},"south":{"uv":[9.4375,0.75,10.875,0.9375],"rotation":0,"texture":"#0","tintindex":0},"north":{"uv":[9.3125,4.6875,10.75,4.875],"rotation":0,"texture":"#0","tintindex":0},"west":{"uv":[11.5625,2.8125,11.75,3.0],"rotation":0,"texture":"#0","tintindex":0},"up":{"uv":[10.9375,4.0625,9.5,3.875],"rotation":0,"texture":"#0","tintindex":0},"down":{"uv":[10.9375,4.0625,9.5,4.25],"rotation":0,"texture":"#0","tintindex":0}}},{"from":[3.5407147,8.698907,-1.4520473],"to":[12.683573,18.413193,1.9765239],"rotation":{"angle":0.0,"axis":"y","origin":[9.255,3.5560493,-1.4520473]},"faces":{"east":{"uv":[8.0625,9.0,8.4375,10.0625],"rotation":0,"texture":"#0","tintindex":0},"south":{"uv":[6.9375,6.4375,7.9375,7.5],"rotation":0,"texture":"#0","tintindex":0},"north":{"uv":[6.9375,5.375,7.9375,6.4375],"rotation":0,"texture":"#0","tintindex":0},"west":{"uv":[3.6875,9.0625,4.0625,10.125],"rotation":0,"texture":"#0","tintindex":0},"up":{"uv":[2.875,9.6875,1.875,9.3125],"rotation":0,"texture":"#0","tintindex":0},"down":{"uv":[10.3125,4.3125,9.3125,4.6875],"rotation":0,"texture":"#0","tintindex":0}}},{"from":[3.5407147,6.984621,1.9765239],"to":[12.683573,10.413193,12.2622385],"rotation":{"angle":0.0,"axis":"y","origin":[9.255,3.5560493,-1.4520473]},"faces":{"east":{"uv":[8.75,8.4375,9.875,8.8125],"rotation":0,"texture":"#0","tintindex":0},"south":{"uv":[9.375,0.9375,10.375,1.3125],"rotation":0,"texture":"#0","tintindex":0},"north":{"uv":[5.9375,9.3125,6.9375,9.6875],"rotation":0,"texture":"#0","tintindex":0},"west":{"uv":[8.8125,0.0,9.9375,0.375],"rotation":0,"texture":"#0","tintindex":0},"up":{"uv":[2.5,7.75,1.5,6.625],"rotation":0,"texture":"#0","tintindex":0},"down":{"uv":[3.5,6.625,2.5,7.75],"rotation":0,"texture":"#0","tintindex":0}}},{"from":[11.6795635,8.6035385,8.833667],"to":[20.822422,12.03211,11.119381],"rotation":{"angle":22.5,"axis":"z","origin":[16.250992,10.317824,7.1193814]},"faces":{"east":{"uv":[11.25,6.5625,11.5,6.9375],"rotation":0,"texture":"#0","tintindex":0},"south":{"uv":[9.375,1.6875,10.375,2.0625],"rotation":0,"texture":"#0","tintindex":0},"north":{"uv":[9.375,1.3125,10.375,1.6875],"rotation":0,"texture":"#0","tintindex":0},"west":{"uv":[6.9375,11.25,7.1875,11.625],"rotation":0,"texture":"#0","tintindex":0},"up":{"uv":[6.5625,7.4375,5.5625,7.1875],"rotation":0,"texture":"#0","tintindex":0},"down":{"uv":[10.9375,0.0,9.9375,0.25],"rotation":0,"texture":"#0","tintindex":0}}},{"from":[11.6795635,8.6035385,5.405095],"to":[20.822422,12.03211,7.6908097],"rotation":{"angle":22.5,"axis":"z","origin":[16.250992,10.317824,7.1193814]},"faces":{"east":{"uv":[11.25,6.5625,11.5,6.9375],"rotation":0,"texture":"#0","tintindex":0},"south":{"uv":[9.375,1.6875,10.375,2.0625],"rotation":0,"texture":"#0","tintindex":0},"north":{"uv":[9.375,1.3125,10.375,1.6875],"rotation":0,"texture":"#0","tintindex":0},"west":{"uv":[6.9375,11.25,7.1875,11.625],"rotation":0,"texture":"#0","tintindex":0},"up":{"uv":[6.5625,7.4375,5.5625,7.1875],"rotation":0,"texture":"#0","tintindex":0},"down":{"uv":[10.9375,0.0,9.9375,0.25],"rotation":0,"texture":"#0","tintindex":0}}},{"from":[20.822422,6.889253,4.833667],"to":[25.965279,12.03211,11.119381],"rotation":{"angle":22.5,"axis":"z","origin":[16.250992,10.317824,7.1193814]},"faces":{"east":{"uv":[9.125,2.0625,9.8125,2.625],"rotation":0,"texture":"#0","tintindex":0},"south":{"uv":[4.5,9.875,5.0625,10.4375],"rotation":0,"texture":"#0","tintindex":0},"north":{"uv":[9.8125,2.0625,10.375,2.625],"rotation":0,"texture":"#0","tintindex":0},"west":{"uv":[8.4375,9.1875,9.125,9.75],"rotation":0,"texture":"#0","tintindex":0},"up":{"uv":[9.6875,9.875,9.125,9.1875],"rotation":0,"texture":"#0","tintindex":0},"down":{"uv":[0.5625,9.25,0.0,9.9375],"rotation":0,"texture":"#0","tintindex":0}}},{"from":[14.397858,10.413193,12.2622385],"to":[24.683573,21.270336,15.69081],"rotation":{"angle":0.0,"axis":"y","origin":[9.255,3.5560493,-1.4520473]},"faces":{"east":{"uv":[1.125,8.0,1.5,9.1875],"rotation":0,"texture":"#0","tintindex":0},"south":{"uv":[3.9375,3.0625,5.0625,4.25],"rotation":0,"texture":"#0","tintindex":0},"north":{"uv":[3.9375,1.875,5.0625,3.0625],"rotation":0,"texture":"#0","tintindex":0},"west":{"uv":[6.125,8.125,6.5,9.3125],"rotation":0,"texture":"#0","tintindex":0},"up":{"uv":[9.875,9.1875,8.75,8.8125],"rotation":0,"texture":"#0","tintindex":0},"down":{"uv":[1.125,8.875,0.0,9.25],"rotation":0,"texture":"#0","tintindex":0}}},{"from":[14.397858,10.413193,0.2622385],"to":[24.683573,21.270336,3.6908097],"rotation":{"angle":0.0,"axis":"y","origin":[9.255,3.5560493,-1.4520473]},"faces":{"east":{"uv":[6.5,8.125,6.875,9.3125],"rotation":0,"texture":"#0","tintindex":0},"south":{"uv":[2.5,4.5,3.625,5.6875],"rotation":0,"texture":"#0","tintindex":0},"north":{"uv":[3.9375,4.25,5.0625,5.4375],"rotation":0,"texture":"#0","tintindex":0},"west":{"uv":[6.875,8.125,7.25,9.3125],"rotation":0,"texture":"#0","tintindex":0},"up":{"uv":[10.0,3.5,8.875,3.125],"rotation":0,"texture":"#0","tintindex":0},"down":{"uv":[10.0,3.5,8.875,3.875],"rotation":0,"texture":"#0",